sequence,name,tid,label
t,S10,1,+
a,S10,1,+
c,S10,1,+
t,S10,1,+
a,S10,1,+
g,S10,1,+
c,S10,1,+
a,S10,1,+
a,S10,1,+
t,S10,1,+
a,S10,1,+
c,S10,1,+
g,S10,1,+
c,S10,1,+
t,S10,1,+
t,S10,1,+
g,S10,1,+
c,S10,1,+
g,S10,1,+
t,S10,1,+
t,S10,1,+
c,S10,1,+
g,S10,1,+
g,S10,1,+
t,S10,1,+
g,S10,1,+
g,S10,1,+
t,S10,1,+
t,S10,1,+
a,S10,1,+
a,S10,1,+
g,S10,1,+
t,S10,1,+
a,S10,1,+
t,S10,1,+
g,S10,1,+
t,S10,1,+
a,S10,1,+
t,S10,1,+
a,S10,1,+
a,S10,1,+
t,S10,1,+
g,S10,1,+
c,S10,1,+
g,S10,1,+
c,S10,1,+
g,S10,1,+
g,S10,1,+
g,S10,1,+
c,S10,1,+
t,S10,1,+
t,S10,1,+
g,S10,1,+
t,S10,1,+
c,S10,1,+
g,S10,1,+
t,S10,1,+
t,AMPC,2,+
g,AMPC,2,+
c,AMPC,2,+
t,AMPC,2,+
a,AMPC,2,+
t,AMPC,2,+
c,AMPC,2,+
c,AMPC,2,+
t,AMPC,2,+
g,AMPC,2,+
a,AMPC,2,+
c,AMPC,2,+
a,AMPC,2,+
g,AMPC,2,+
t,AMPC,2,+
t,AMPC,2,+
g,AMPC,2,+
t,AMPC,2,+
c,AMPC,2,+
a,AMPC,2,+
c,AMPC,2,+
g,AMPC,2,+
c,AMPC,2,+
t,AMPC,2,+
g,AMPC,2,+
a,AMPC,2,+
t,AMPC,2,+
t,AMPC,2,+
g,AMPC,2,+
g,AMPC,2,+
t,AMPC,2,+
g,AMPC,2,+
t,AMPC,2,+
c,AMPC,2,+
g,AMPC,2,+
t,AMPC,2,+
t,AMPC,2,+
a,AMPC,2,+
c,AMPC,2,+
a,AMPC,2,+
a,AMPC,2,+
t,AMPC,2,+
c,AMPC,2,+
t,AMPC,2,+
a,AMPC,2,+
a,AMPC,2,+
c,AMPC,2,+
g,AMPC,2,+
c,AMPC,2,+
a,AMPC,2,+
t,AMPC,2,+
c,AMPC,2,+
g,AMPC,2,+
c,AMPC,2,+
c,AMPC,2,+
a,AMPC,2,+
a,AMPC,2,+
a,DEOP2,4,+
a,DEOP2,4,+
t,DEOP2,4,+
t,DEOP2,4,+
g,DEOP2,4,+
t,DEOP2,4,+
g,DEOP2,4,+
a,DEOP2,4,+
t,DEOP2,4,+
g,DEOP2,4,+
t,DEOP2,4,+
g,DEOP2,4,+
t,DEOP2,4,+
a,DEOP2,4,+
t,DEOP2,4,+
c,DEOP2,4,+
g,DEOP2,4,+
a,DEOP2,4,+
a,DEOP2,4,+
g,DEOP2,4,+
t,DEOP2,4,+
g,DEOP2,4,+
t,DEOP2,4,+
g,DEOP2,4,+
t,DEOP2,4,+
t,DEOP2,4,+
g,DEOP2,4,+
c,DEOP2,4,+
g,DEOP2,4,+
g,DEOP2,4,+
a,DEOP2,4,+
g,DEOP2,4,+
t,DEOP2,4,+
a,DEOP2,4,+
g,DEOP2,4,+
a,DEOP2,4,+
t,DEOP2,4,+
g,DEOP2,4,+
t,DEOP2,4,+
t,DEOP2,4,+
a,DEOP2,4,+
g,DEOP2,4,+
a,DEOP2,4,+
a,DEOP2,4,+
t,DEOP2,4,+
a,DEOP2,4,+
c,DEOP2,4,+
t,DEOP2,4,+
a,DEOP2,4,+
a,DEOP2,4,+
c,DEOP2,4,+
a,DEOP2,4,+
a,DEOP2,4,+
a,DEOP2,4,+
c,DEOP2,4,+
t,DEOP2,4,+
c,DEOP2,4,+
t,LEU1_TRNA,5,+
c,LEU1_TRNA,5,+
g,LEU1_TRNA,5,+
a,LEU1_TRNA,5,+
t,LEU1_TRNA,5,+
a,LEU1_TRNA,5,+
a,LEU1_TRNA,5,+
t,LEU1_TRNA,5,+
t,LEU1_TRNA,5,+
a,LEU1_TRNA,5,+
a,LEU1_TRNA,5,+
c,LEU1_TRNA,5,+
t,LEU1_TRNA,5,+
a,LEU1_TRNA,5,+
t,LEU1_TRNA,5,+
t,LEU1_TRNA,5,+
g,LEU1_TRNA,5,+
a,LEU1_TRNA,5,+
c,LEU1_TRNA,5,+
g,LEU1_TRNA,5,+
a,LEU1_TRNA,5,+
a,LEU1_TRNA,5,+
a,LEU1_TRNA,5,+
a,LEU1_TRNA,5,+
g,LEU1_TRNA,5,+
c,LEU1_TRNA,5,+
t,LEU1_TRNA,5,+
g,LEU1_TRNA,5,+
a,LEU1_TRNA,5,+
a,LEU1_TRNA,5,+
a,LEU1_TRNA,5,+
a,LEU1_TRNA,5,+
c,LEU1_TRNA,5,+
c,LEU1_TRNA,5,+
a,LEU1_TRNA,5,+
c,LEU1_TRNA,5,+
t,LEU1_TRNA,5,+
a,LEU1_TRNA,5,+
g,LEU1_TRNA,5,+
a,LEU1_TRNA,5,+
a,LEU1_TRNA,5,+
t,LEU1_TRNA,5,+
g,LEU1_TRNA,5,+
c,LEU1_TRNA,5,+
g,LEU1_TRNA,5,+
c,LEU1_TRNA,5,+
c,LEU1_TRNA,5,+
t,LEU1_TRNA,5,+
c,LEU1_TRNA,5,+
c,LEU1_TRNA,5,+
g,LEU1_TRNA,5,+
t,LEU1_TRNA,5,+
g,LEU1_TRNA,5,+
g,LEU1_TRNA,5,+
t,LEU1_TRNA,5,+
a,LEU1_TRNA,5,+
g,LEU1_TRNA,5,+
a,MALEFG,6,+
g,MALEFG,6,+
g,MALEFG,6,+
g,MALEFG,6,+
g,MALEFG,6,+
c,MALEFG,6,+
a,MALEFG,6,+
a,MALEFG,6,+
g,MALEFG,6,+
g,MALEFG,6,+
a,MALEFG,6,+
g,MALEFG,6,+
g,MALEFG,6,+
a,MALEFG,6,+
t,MALEFG,6,+
g,MALEFG,6,+
g,MALEFG,6,+
a,MALEFG,6,+
a,MALEFG,6,+
a,MALEFG,6,+
g,MALEFG,6,+
a,MALEFG,6,+
g,MALEFG,6,+
g,MALEFG,6,+
t,MALEFG,6,+
t,MALEFG,6,+
g,MALEFG,6,+
c,MALEFG,6,+
c,MALEFG,6,+
g,MALEFG,6,+
t,MALEFG,6,+
a,MALEFG,6,+
t,MALEFG,6,+
a,MALEFG,6,+
a,MALEFG,6,+
a,MALEFG,6,+
g,MALEFG,6,+
a,MALEFG,6,+
a,MALEFG,6,+
a,MALEFG,6,+
c,MALEFG,6,+
t,MALEFG,6,+
a,MALEFG,6,+
g,MALEFG,6,+
a,MALEFG,6,+
g,MALEFG,6,+
t,MALEFG,6,+
c,MALEFG,6,+
c,MALEFG,6,+
g,MALEFG,6,+
t,MALEFG,6,+
t,MALEFG,6,+
t,MALEFG,6,+
a,MALEFG,6,+
g,MALEFG,6,+
g,MALEFG,6,+
t,MALEFG,6,+
c,MALK,7,+
a,MALK,7,+
g,MALK,7,+
g,MALK,7,+
g,MALK,7,+
g,MALK,7,+
g,MALK,7,+
t,MALK,7,+
g,MALK,7,+
g,MALK,7,+
a,MALK,7,+
g,MALK,7,+
g,MALK,7,+
a,MALK,7,+
t,MALK,7,+
t,MALK,7,+
t,MALK,7,+
a,MALK,7,+
a,MALK,7,+
g,MALK,7,+
c,MALK,7,+
c,MALK,7,+
a,MALK,7,+
t,MALK,7,+
c,MALK,7,+
t,MALK,7,+
c,MALK,7,+
c,MALK,7,+
t,MALK,7,+
g,MALK,7,+
a,MALK,7,+
t,MALK,7,+
g,MALK,7,+
a,MALK,7,+
c,MALK,7,+
g,MALK,7,+
c,MALK,7,+
a,MALK,7,+
t,MALK,7,+
a,MALK,7,+
g,MALK,7,+
t,MALK,7,+
c,MALK,7,+
a,MALK,7,+
g,MALK,7,+
c,MALK,7,+
c,MALK,7,+
c,MALK,7,+
a,MALK,7,+
t,MALK,7,+
c,MALK,7,+
a,MALK,7,+
t,MALK,7,+
g,MALK,7,+
a,MALK,7,+
a,MALK,7,+
t,MALK,7,+
t,RECA,8,+
t,RECA,8,+
t,RECA,8,+
c,RECA,8,+
t,RECA,8,+
a,RECA,8,+
c,RECA,8,+
a,RECA,8,+
a,RECA,8,+
a,RECA,8,+
a,RECA,8,+
c,RECA,8,+
a,RECA,8,+
c,RECA,8,+
t,RECA,8,+
t,RECA,8,+
g,RECA,8,+
a,RECA,8,+
t,RECA,8,+
a,RECA,8,+
c,RECA,8,+
t,RECA,8,+
g,RECA,8,+
t,RECA,8,+
a,RECA,8,+
t,RECA,8,+
g,RECA,8,+
a,RECA,8,+
g,RECA,8,+
c,RECA,8,+
a,RECA,8,+
t,RECA,8,+
a,RECA,8,+
c,RECA,8,+
a,RECA,8,+
g,RECA,8,+
t,RECA,8,+
a,RECA,8,+
t,RECA,8,+
a,RECA,8,+
a,RECA,8,+
t,RECA,8,+
t,RECA,8,+
g,RECA,8,+
c,RECA,8,+
t,RECA,8,+
t,RECA,8,+
c,RECA,8,+
a,RECA,8,+
a,RECA,8,+
c,RECA,8,+
a,RECA,8,+
g,RECA,8,+
a,RECA,8,+
a,RECA,8,+
c,RECA,8,+
a,RECA,8,+
c,RPOB,9,+
g,RPOB,9,+
a,RPOB,9,+
c,RPOB,9,+
t,RPOB,9,+
t,RPOB,9,+
a,RPOB,9,+
a,RPOB,9,+
t,RPOB,9,+
a,RPOB,9,+
t,RPOB,9,+
a,RPOB,9,+
c,RPOB,9,+
t,RPOB,9,+
g,RPOB,9,+
c,RPOB,9,+
g,RPOB,9,+
a,RPOB,9,+
c,RPOB,9,+
a,RPOB,9,+
g,RPOB,9,+
g,RPOB,9,+
a,RPOB,9,+
c,RPOB,9,+
g,RPOB,9,+
t,RPOB,9,+
c,RPOB,9,+
c,RPOB,9,+
g,RPOB,9,+
t,RPOB,9,+
t,RPOB,9,+
c,RPOB,9,+
t,RPOB,9,+
g,RPOB,9,+
t,RPOB,9,+
g,RPOB,9,+
t,RPOB,9,+
a,RPOB,9,+
a,RPOB,9,+
a,RPOB,9,+
t,RPOB,9,+
c,RPOB,9,+
g,RPOB,9,+
c,RPOB,9,+
a,RPOB,9,+
a,RPOB,9,+
t,RPOB,9,+
g,RPOB,9,+
a,RPOB,9,+
a,RPOB,9,+
a,RPOB,9,+
t,RPOB,9,+
g,RPOB,9,+
g,RPOB,9,+
t,RPOB,9,+
t,RPOB,9,+
t,RPOB,9,+
t,RRNAB_P1,10,+
t,RRNAB_P1,10,+
t,RRNAB_P1,10,+
t,RRNAB_P1,10,+
a,RRNAB_P1,10,+
a,RRNAB_P1,10,+
a,RRNAB_P1,10,+
t,RRNAB_P1,10,+
t,RRNAB_P1,10,+
t,RRNAB_P1,10,+
c,RRNAB_P1,10,+
c,RRNAB_P1,10,+
t,RRNAB_P1,10,+
c,RRNAB_P1,10,+
t,RRNAB_P1,10,+
t,RRNAB_P1,10,+
g,RRNAB_P1,10,+
t,RRNAB_P1,10,+
c,RRNAB_P1,10,+
a,RRNAB_P1,10,+
g,RRNAB_P1,10,+
g,RRNAB_P1,10,+
c,RRNAB_P1,10,+
c,RRNAB_P1,10,+
g,RRNAB_P1,10,+
g,RRNAB_P1,10,+
a,RRNAB_P1,10,+
a,RRNAB_P1,10,+
t,RRNAB_P1,10,+
a,RRNAB_P1,10,+
a,RRNAB_P1,10,+
c,RRNAB_P1,10,+
t,RRNAB_P1,10,+
c,RRNAB_P1,10,+
c,RRNAB_P1,10,+
c,RRNAB_P1,10,+
t,RRNAB_P1,10,+
a,RRNAB_P1,10,+
t,RRNAB_P1,10,+
a,RRNAB_P1,10,+
a,RRNAB_P1,10,+
t,RRNAB_P1,10,+
g,RRNAB_P1,10,+
c,RRNAB_P1,10,+
g,RRNAB_P1,10,+
c,RRNAB_P1,10,+
c,RRNAB_P1,10,+
a,RRNAB_P1,10,+
c,RRNAB_P1,10,+
c,RRNAB_P1,10,+
a,RRNAB_P1,10,+
c,RRNAB_P1,10,+
t,RRNAB_P1,10,+
g,RRNAB_P1,10,+
a,RRNAB_P1,10,+
c,RRNAB_P1,10,+
a,RRNAB_P1,10,+
c,RRNDEX_P2,12,+
c,RRNDEX_P2,12,+
t,RRNDEX_P2,12,+
g,RRNDEX_P2,12,+
a,RRNDEX_P2,12,+
a,RRNDEX_P2,12,+
a,RRNDEX_P2,12,+
t,RRNDEX_P2,12,+
t,RRNDEX_P2,12,+
c,RRNDEX_P2,12,+
a,RRNDEX_P2,12,+
g,RRNDEX_P2,12,+
g,RRNDEX_P2,12,+
g,RRNDEX_P2,12,+
t,RRNDEX_P2,12,+
t,RRNDEX_P2,12,+
g,RRNDEX_P2,12,+
a,RRNDEX_P2,12,+
c,RRNDEX_P2,12,+
t,RRNDEX_P2,12,+
c,RRNDEX_P2,12,+
t,RRNDEX_P2,12,+
g,RRNDEX_P2,12,+
a,RRNDEX_P2,12,+
a,RRNDEX_P2,12,+
a,RRNDEX_P2,12,+
g,RRNDEX_P2,12,+
a,RRNDEX_P2,12,+
g,RRNDEX_P2,12,+
g,RRNDEX_P2,12,+
a,RRNDEX_P2,12,+
a,RRNDEX_P2,12,+
a,RRNDEX_P2,12,+
g,RRNDEX_P2,12,+
c,RRNDEX_P2,12,+
g,RRNDEX_P2,12,+
t,RRNDEX_P2,12,+
a,RRNDEX_P2,12,+
a,RRNDEX_P2,12,+
t,RRNDEX_P2,12,+
a,RRNDEX_P2,12,+
t,RRNDEX_P2,12,+
a,RRNDEX_P2,12,+
c,RRNDEX_P2,12,+
g,RRNDEX_P2,12,+
c,RRNDEX_P2,12,+
c,RRNDEX_P2,12,+
a,RRNDEX_P2,12,+
c,RRNDEX_P2,12,+
c,RRNDEX_P2,12,+
t,RRNDEX_P2,12,+
c,RRNDEX_P2,12,+
g,RRNDEX_P2,12,+
c,RRNDEX_P2,12,+
g,RRNDEX_P2,12,+
a,RRNDEX_P2,12,+
c,RRNDEX_P2,12,+
g,RRND_P1,13,+
a,RRND_P1,13,+
t,RRND_P1,13,+
c,RRND_P1,13,+
a,RRND_P1,13,+
a,RRND_P1,13,+
a,RRND_P1,13,+
a,RRND_P1,13,+
a,RRND_P1,13,+
a,RRND_P1,13,+
a,RRND_P1,13,+
t,RRND_P1,13,+
a,RRND_P1,13,+
c,RRND_P1,13,+
t,RRND_P1,13,+
t,RRND_P1,13,+
g,RRND_P1,13,+
t,RRND_P1,13,+
g,RRND_P1,13,+
c,RRND_P1,13,+
a,RRND_P1,13,+
a,RRND_P1,13,+
a,RRND_P1,13,+
a,RRND_P1,13,+
a,RRND_P1,13,+
a,RRND_P1,13,+
t,RRND_P1,13,+
t,RRND_P1,13,+
g,RRND_P1,13,+
g,RRND_P1,13,+
g,RRND_P1,13,+
a,RRND_P1,13,+
t,RRND_P1,13,+
c,RRND_P1,13,+
c,RRND_P1,13,+
c,RRND_P1,13,+
t,RRND_P1,13,+
a,RRND_P1,13,+
t,RRND_P1,13,+
a,RRND_P1,13,+
a,RRND_P1,13,+
t,RRND_P1,13,+
g,RRND_P1,13,+
c,RRND_P1,13,+
g,RRND_P1,13,+
c,RRND_P1,13,+
c,RRND_P1,13,+
t,RRND_P1,13,+
c,RRND_P1,13,+
c,RRND_P1,13,+
g,RRND_P1,13,+
t,RRND_P1,13,+
t,RRND_P1,13,+
g,RRND_P1,13,+
a,RRND_P1,13,+
g,RRND_P1,13,+
a,RRND_P1,13,+
c,RRNE_P1,14,+
t,RRNE_P1,14,+
g,RRNE_P1,14,+
c,RRNE_P1,14,+
a,RRNE_P1,14,+
a,RRNE_P1,14,+
t,RRNE_P1,14,+
t,RRNE_P1,14,+
t,RRNE_P1,14,+
t,RRNE_P1,14,+
t,RRNE_P1,14,+
c,RRNE_P1,14,+
t,RRNE_P1,14,+
a,RRNE_P1,14,+
t,RRNE_P1,14,+
t,RRNE_P1,14,+
g,RRNE_P1,14,+
c,RRNE_P1,14,+
g,RRNE_P1,14,+
g,RRNE_P1,14,+
c,RRNE_P1,14,+
c,RRNE_P1,14,+
t,RRNE_P1,14,+
g,RRNE_P1,14,+
c,RRNE_P1,14,+
g,RRNE_P1,14,+
g,RRNE_P1,14,+
a,RRNE_P1,14,+
g,RRNE_P1,14,+
a,RRNE_P1,14,+
a,RRNE_P1,14,+
c,RRNE_P1,14,+
t,RRNE_P1,14,+
c,RRNE_P1,14,+
c,RRNE_P1,14,+
c,RRNE_P1,14,+
t,RRNE_P1,14,+
a,RRNE_P1,14,+
t,RRNE_P1,14,+
a,RRNE_P1,14,+
a,RRNE_P1,14,+
t,RRNE_P1,14,+
g,RRNE_P1,14,+
c,RRNE_P1,14,+
g,RRNE_P1,14,+
c,RRNE_P1,14,+
c,RRNE_P1,14,+
t,RRNE_P1,14,+
c,RRNE_P1,14,+
c,RRNE_P1,14,+
a,RRNE_P1,14,+
t,RRNE_P1,14,+
c,RRNE_P1,14,+
g,RRNE_P1,14,+
a,RRNE_P1,14,+
c,RRNE_P1,14,+
a,RRNE_P1,14,+
t,RRNG_P1,15,+
t,RRNG_P1,15,+
t,RRNG_P1,15,+
a,RRNG_P1,15,+
t,RRNG_P1,15,+
a,RRNG_P1,15,+
t,RRNG_P1,15,+
t,RRNG_P1,15,+
t,RRNG_P1,15,+
t,RRNG_P1,15,+
t,RRNG_P1,15,+
c,RRNG_P1,15,+
g,RRNG_P1,15,+
c,RRNG_P1,15,+
t,RRNG_P1,15,+
t,RRNG_P1,15,+
g,RRNG_P1,15,+
t,RRNG_P1,15,+
c,RRNG_P1,15,+
a,RRNG_P1,15,+
g,RRNG_P1,15,+
g,RRNG_P1,15,+
c,RRNG_P1,15,+
c,RRNG_P1,15,+
g,RRNG_P1,15,+
g,RRNG_P1,15,+
a,RRNG_P1,15,+
a,RRNG_P1,15,+
t,RRNG_P1,15,+
a,RRNG_P1,15,+
a,RRNG_P1,15,+
c,RRNG_P1,15,+
t,RRNG_P1,15,+
c,RRNG_P1,15,+
c,RRNG_P1,15,+
c,RRNG_P1,15,+
t,RRNG_P1,15,+
a,RRNG_P1,15,+
t,RRNG_P1,15,+
a,RRNG_P1,15,+
a,RRNG_P1,15,+
t,RRNG_P1,15,+
g,RRNG_P1,15,+
c,RRNG_P1,15,+
g,RRNG_P1,15,+
c,RRNG_P1,15,+
c,RRNG_P1,15,+
a,RRNG_P1,15,+
c,RRNG_P1,15,+
c,RRNG_P1,15,+
a,RRNG_P1,15,+
c,RRNG_P1,15,+
t,RRNG_P1,15,+
g,RRNG_P1,15,+
a,RRNG_P1,15,+
c,RRNG_P1,15,+
a,RRNG_P1,15,+
a,RRNG_P2,16,+
a,RRNG_P2,16,+
g,RRNG_P2,16,+
c,RRNG_P2,16,+
a,RRNG_P2,16,+
a,RRNG_P2,16,+
a,RRNG_P2,16,+
g,RRNG_P2,16,+
a,RRNG_P2,16,+
a,RRNG_P2,16,+
a,RRNG_P2,16,+
t,RRNG_P2,16,+
g,RRNG_P2,16,+
c,RRNG_P2,16,+
t,RRNG_P2,16,+
t,RRNG_P2,16,+
g,RRNG_P2,16,+
a,RRNG_P2,16,+
c,RRNG_P2,16,+
t,RRNG_P2,16,+
c,RRNG_P2,16,+
t,RRNG_P2,16,+
g,RRNG_P2,16,+
t,RRNG_P2,16,+
a,RRNG_P2,16,+
g,RRNG_P2,16,+
c,RRNG_P2,16,+
g,RRNG_P2,16,+
g,RRNG_P2,16,+
g,RRNG_P2,16,+
a,RRNG_P2,16,+
a,RRNG_P2,16,+
g,RRNG_P2,16,+
g,RRNG_P2,16,+
c,RRNG_P2,16,+
g,RRNG_P2,16,+
t,RRNG_P2,16,+
a,RRNG_P2,16,+
t,RRNG_P2,16,+
t,RRNG_P2,16,+
a,RRNG_P2,16,+
t,RRNG_P2,16,+
g,RRNG_P2,16,+
c,RRNG_P2,16,+
a,RRNG_P2,16,+
c,RRNG_P2,16,+
a,RRNG_P2,16,+
c,RRNG_P2,16,+
c,RRNG_P2,16,+
g,RRNG_P2,16,+
c,RRNG_P2,16,+
c,RRNG_P2,16,+
g,RRNG_P2,16,+
c,RRNG_P2,16,+
g,RRNG_P2,16,+
c,RRNG_P2,16,+
c,RRNG_P2,16,+
a,RRNX_P1,17,+
t,RRNX_P1,17,+
g,RRNX_P1,17,+
c,RRNX_P1,17,+
a,RRNX_P1,17,+
t,RRNX_P1,17,+
t,RRNX_P1,17,+
t,RRNX_P1,17,+
t,RRNX_P1,17,+
t,RRNX_P1,17,+
c,RRNX_P1,17,+
c,RRNX_P1,17,+
g,RRNX_P1,17,+
c,RRNX_P1,17,+
t,RRNX_P1,17,+
t,RRNX_P1,17,+
g,RRNX_P1,17,+
t,RRNX_P1,17,+
c,RRNX_P1,17,+
t,RRNX_P1,17,+
t,RRNX_P1,17,+
c,RRNX_P1,17,+
c,RRNX_P1,17,+
t,RRNX_P1,17,+
g,RRNX_P1,17,+
a,RRNX_P1,17,+
g,RRNX_P1,17,+
c,RRNX_P1,17,+
c,RRNX_P1,17,+
g,RRNX_P1,17,+
a,RRNX_P1,17,+
c,RRNX_P1,17,+
t,RRNX_P1,17,+
c,RRNX_P1,17,+
c,RRNX_P1,17,+
c,RRNX_P1,17,+
t,RRNX_P1,17,+
a,RRNX_P1,17,+
t,RRNX_P1,17,+
a,RRNX_P1,17,+
a,RRNX_P1,17,+
t,RRNX_P1,17,+
g,RRNX_P1,17,+
c,RRNX_P1,17,+
g,RRNX_P1,17,+
c,RRNX_P1,17,+
c,RRNX_P1,17,+
t,RRNX_P1,17,+
c,RRNX_P1,17,+
c,RRNX_P1,17,+
a,RRNX_P1,17,+
t,RRNX_P1,17,+
c,RRNX_P1,17,+
g,RRNX_P1,17,+
a,RRNX_P1,17,+
c,RRNX_P1,17,+
a,RRNX_P1,17,+
a,TNAA,18,+
a,TNAA,18,+
a,TNAA,18,+
c,TNAA,18,+
a,TNAA,18,+
a,TNAA,18,+
t,TNAA,18,+
t,TNAA,18,+
t,TNAA,18,+
c,TNAA,18,+
a,TNAA,18,+
g,TNAA,18,+
a,TNAA,18,+
a,TNAA,18,+
t,TNAA,18,+
a,TNAA,18,+
g,TNAA,18,+
a,TNAA,18,+
c,TNAA,18,+
a,TNAA,18,+
a,TNAA,18,+
a,TNAA,18,+
a,TNAA,18,+
a,TNAA,18,+
c,TNAA,18,+
t,TNAA,18,+
c,TNAA,18,+
t,TNAA,18,+
g,TNAA,18,+
a,TNAA,18,+
g,TNAA,18,+
t,TNAA,18,+
g,TNAA,18,+
t,TNAA,18,+
a,TNAA,18,+
a,TNAA,18,+
t,TNAA,18,+
a,TNAA,18,+
a,TNAA,18,+
t,TNAA,18,+
g,TNAA,18,+
t,TNAA,18,+
a,TNAA,18,+
g,TNAA,18,+
c,TNAA,18,+
c,TNAA,18,+
t,TNAA,18,+
c,TNAA,18,+
g,TNAA,18,+
t,TNAA,18,+
g,TNAA,18,+
t,TNAA,18,+
c,TNAA,18,+
t,TNAA,18,+
t,TNAA,18,+
g,TNAA,18,+
c,TNAA,18,+
t,TYRT,19,+
c,TYRT,19,+
t,TYRT,19,+
c,TYRT,19,+
a,TYRT,19,+
a,TYRT,19,+
c,TYRT,19,+
g,TYRT,19,+
t,TYRT,19,+
a,TYRT,19,+
a,TYRT,19,+
c,TYRT,19,+
a,TYRT,19,+
c,TYRT,19,+
t,TYRT,19,+
t,TYRT,19,+
t,TYRT,19,+
a,TYRT,19,+
c,TYRT,19,+
a,TYRT,19,+
g,TYRT,19,+
c,TYRT,19,+
g,TYRT,19,+
g,TYRT,19,+
c,TYRT,19,+
g,TYRT,19,+
c,TYRT,19,+
g,TYRT,19,+
t,TYRT,19,+
c,TYRT,19,+
a,TYRT,19,+
t,TYRT,19,+
t,TYRT,19,+
t,TYRT,19,+
g,TYRT,19,+
a,TYRT,19,+
t,TYRT,19,+
a,TYRT,19,+
t,TYRT,19,+
g,TYRT,19,+
a,TYRT,19,+
t,TYRT,19,+
g,TYRT,19,+
c,TYRT,19,+
g,TYRT,19,+
c,TYRT,19,+
c,TYRT,19,+
c,TYRT,19,+
c,TYRT,19,+
g,TYRT,19,+
c,TYRT,19,+
t,TYRT,19,+
t,TYRT,19,+
c,TYRT,19,+
c,TYRT,19,+
c,TYRT,19,+
g,TYRT,19,+
g,LACI,21,+
a,LACI,21,+
c,LACI,21,+
a,LACI,21,+
c,LACI,21,+
c,LACI,21,+
a,LACI,21,+
t,LACI,21,+
c,LACI,21,+
g,LACI,21,+
a,LACI,21,+
a,LACI,21,+
t,LACI,21,+
g,LACI,21,+
g,LACI,21,+
c,LACI,21,+
g,LACI,21,+
c,LACI,21,+
a,LACI,21,+
a,LACI,21,+
a,LACI,21,+
a,LACI,21,+
c,LACI,21,+
c,LACI,21,+
t,LACI,21,+
t,LACI,21,+
t,LACI,21,+
c,LACI,21,+
g,LACI,21,+
c,LACI,21,+
g,LACI,21,+
g,LACI,21,+
t,LACI,21,+
a,LACI,21,+
t,LACI,21,+
g,LACI,21,+
g,LACI,21,+
c,LACI,21,+
a,LACI,21,+
t,LACI,21,+
g,LACI,21,+
a,LACI,21,+
t,LACI,21,+
a,LACI,21,+
g,LACI,21,+
c,LACI,21,+
g,LACI,21,+
c,LACI,21,+
c,LACI,21,+
c,LACI,21,+
g,LACI,21,+
g,LACI,21,+
a,LACI,21,+
a,LACI,21,+
g,LACI,21,+
a,LACI,21,+
g,LACI,21,+
a,MALT,22,+
a,MALT,22,+
a,MALT,22,+
a,MALT,22,+
a,MALT,22,+
c,MALT,22,+
g,MALT,22,+
t,MALT,22,+
c,MALT,22,+
a,MALT,22,+
t,MALT,22,+
c,MALT,22,+
g,MALT,22,+
c,MALT,22,+
t,MALT,22,+
t,MALT,22,+
g,MALT,22,+
c,MALT,22,+
a,MALT,22,+
t,MALT,22,+
t,MALT,22,+
a,MALT,22,+
g,MALT,22,+
a,MALT,22,+
a,MALT,22,+
a,MALT,22,+
g,MALT,22,+
g,MALT,22,+
t,MALT,22,+
t,MALT,22,+
t,MALT,22,+
c,MALT,22,+
t,MALT,22,+
g,MALT,22,+
g,MALT,22,+
c,MALT,22,+
c,MALT,22,+
g,MALT,22,+
a,MALT,22,+
c,MALT,22,+
c,MALT,22,+
t,MALT,22,+
t,MALT,22,+
a,MALT,22,+
t,MALT,22,+
a,MALT,22,+
a,MALT,22,+
c,MALT,22,+
c,MALT,22,+
a,MALT,22,+
t,MALT,22,+
t,MALT,22,+
a,MALT,22,+
a,MALT,22,+
t,MALT,22,+
t,MALT,22,+
a,MALT,22,+
t,TRP,23,+
c,TRP,23,+
t,TRP,23,+
g,TRP,23,+
a,TRP,23,+
a,TRP,23,+
a,TRP,23,+
t,TRP,23,+
g,TRP,23,+
a,TRP,23,+
g,TRP,23,+
c,TRP,23,+
t,TRP,23,+
g,TRP,23,+
t,TRP,23,+
t,TRP,23,+
g,TRP,23,+
a,TRP,23,+
c,TRP,23,+
a,TRP,23,+
a,TRP,23,+
t,TRP,23,+
t,TRP,23,+
a,TRP,23,+
a,TRP,23,+
t,TRP,23,+
c,TRP,23,+
a,TRP,23,+
t,TRP,23,+
c,TRP,23,+
g,TRP,23,+
a,TRP,23,+
a,TRP,23,+
c,TRP,23,+
t,TRP,23,+
a,TRP,23,+
g,TRP,23,+
t,TRP,23,+
t,TRP,23,+
a,TRP,23,+
a,TRP,23,+
c,TRP,23,+
t,TRP,23,+
a,TRP,23,+
g,TRP,23,+
t,TRP,23,+
a,TRP,23,+
c,TRP,23,+
g,TRP,23,+
c,TRP,23,+
a,TRP,23,+
a,TRP,23,+
g,TRP,23,+
t,TRP,23,+
t,TRP,23,+
c,TRP,23,+
a,TRP,23,+
a,TRPP2,24,+
c,TRPP2,24,+
c,TRPP2,24,+
g,TRPP2,24,+
g,TRPP2,24,+
a,TRPP2,24,+
a,TRPP2,24,+
g,TRPP2,24,+
a,TRPP2,24,+
a,TRPP2,24,+
a,TRPP2,24,+
a,TRPP2,24,+
c,TRPP2,24,+
c,TRPP2,24,+
g,TRPP2,24,+
t,TRPP2,24,+
g,TRPP2,24,+
a,TRPP2,24,+
c,TRPP2,24,+
a,TRPP2,24,+
t,TRPP2,24,+
t,TRPP2,24,+
t,TRPP2,24,+
t,TRPP2,24,+
a,TRPP2,24,+
a,TRPP2,24,+
c,TRPP2,24,+
a,TRPP2,24,+
c,TRPP2,24,+
g,TRPP2,24,+
t,TRPP2,24,+
t,TRPP2,24,+
t,TRPP2,24,+
g,TRPP2,24,+
t,TRPP2,24,+
t,TRPP2,24,+
a,TRPP2,24,+
c,TRPP2,24,+
a,TRPP2,24,+
a,TRPP2,24,+
g,TRPP2,24,+
g,TRPP2,24,+
t,TRPP2,24,+
a,TRPP2,24,+
a,TRPP2,24,+
a,TRPP2,24,+
g,TRPP2,24,+
g,TRPP2,24,+
c,TRPP2,24,+
g,TRPP2,24,+
a,TRPP2,24,+
c,TRPP2,24,+
g,TRPP2,24,+
c,TRPP2,24,+
c,TRPP2,24,+
g,TRPP2,24,+
c,TRPP2,24,+
a,THR,25,+
a,THR,25,+
a,THR,25,+
t,THR,25,+
t,THR,25,+
a,THR,25,+
a,THR,25,+
a,THR,25,+
a,THR,25,+
t,THR,25,+
t,THR,25,+
t,THR,25,+
t,THR,25,+
a,THR,25,+
t,THR,25,+
t,THR,25,+
g,THR,25,+
a,THR,25,+
c,THR,25,+
t,THR,25,+
t,THR,25,+
a,THR,25,+
g,THR,25,+
g,THR,25,+
t,THR,25,+
c,THR,25,+
a,THR,25,+
c,THR,25,+
t,THR,25,+
a,THR,25,+
a,THR,25,+
a,THR,25,+
t,THR,25,+
a,THR,25,+
c,THR,25,+
t,THR,25,+
t,THR,25,+
t,THR,25,+
a,THR,25,+
a,THR,25,+
c,THR,25,+
c,THR,25,+
a,THR,25,+
a,THR,25,+
t,THR,25,+
a,THR,25,+
t,THR,25,+
a,THR,25,+
g,THR,25,+
g,THR,25,+
c,THR,25,+
a,THR,25,+
t,THR,25,+
a,THR,25,+
g,THR,25,+
c,THR,25,+
g,THR,25,+
t,BIOB,26,+
t,BIOB,26,+
g,BIOB,26,+
t,BIOB,26,+
c,BIOB,26,+
a,BIOB,26,+
t,BIOB,26,+
a,BIOB,26,+
a,BIOB,26,+
t,BIOB,26,+
c,BIOB,26,+
g,BIOB,26,+
a,BIOB,26,+
c,BIOB,26,+
t,BIOB,26,+
t,BIOB,26,+
g,BIOB,26,+
t,BIOB,26,+
a,BIOB,26,+
a,BIOB,26,+
a,BIOB,26,+
c,BIOB,26,+
c,BIOB,26,+
a,BIOB,26,+
a,BIOB,26,+
a,BIOB,26,+
t,BIOB,26,+
t,BIOB,26,+
g,BIOB,26,+
a,BIOB,26,+
a,BIOB,26,+
a,BIOB,26,+
a,BIOB,26,+
g,BIOB,26,+
a,BIOB,26,+
t,BIOB,26,+
t,BIOB,26,+
t,BIOB,26,+
a,BIOB,26,+
g,BIOB,26,+
g,BIOB,26,+
t,BIOB,26,+
t,BIOB,26,+
t,BIOB,26,+
a,BIOB,26,+
c,BIOB,26,+
a,BIOB,26,+
a,BIOB,26,+
g,BIOB,26,+
t,BIOB,26,+
c,BIOB,26,+
t,BIOB,26,+
a,BIOB,26,+
c,BIOB,26,+
a,BIOB,26,+
c,BIOB,26,+
c,BIOB,26,+
c,FOL,27,+
a,FOL,27,+
t,FOL,27,+
c,FOL,27,+
c,FOL,27,+
t,FOL,27,+
c,FOL,27,+
g,FOL,27,+
c,FOL,27,+
a,FOL,27,+
c,FOL,27,+
c,FOL,27,+
a,FOL,27,+
g,FOL,27,+
t,FOL,27,+
c,FOL,27,+
g,FOL,27,+
a,FOL,27,+
c,FOL,27,+
g,FOL,27,+
a,FOL,27,+
c,FOL,27,+
g,FOL,27,+
g,FOL,27,+
t,FOL,27,+
t,FOL,27,+
t,FOL,27,+
a,FOL,27,+
c,FOL,27,+
g,FOL,27,+
c,FOL,27,+
t,FOL,27,+
t,FOL,27,+
t,FOL,27,+
a,FOL,27,+
c,FOL,27,+
g,FOL,27,+
t,FOL,27,+
a,FOL,27,+
t,FOL,27,+
a,FOL,27,+
g,FOL,27,+
t,FOL,27,+
g,FOL,27,+
g,FOL,27,+
c,FOL,27,+
g,FOL,27,+
a,FOL,27,+
c,FOL,27,+
a,FOL,27,+
a,FOL,27,+
t,FOL,27,+
t,FOL,27,+
t,FOL,27,+
t,FOL,27,+
t,FOL,27,+
t,FOL,27,+
t,UVRBP1,28,+
c,UVRBP1,28,+
c,UVRBP1,28,+
a,UVRBP1,28,+
g,UVRBP1,28,+
t,UVRBP1,28,+
a,UVRBP1,28,+
t,UVRBP1,28,+
a,UVRBP1,28,+
a,UVRBP1,28,+
t,UVRBP1,28,+
t,UVRBP1,28,+
t,UVRBP1,28,+
g,UVRBP1,28,+
t,UVRBP1,28,+
t,UVRBP1,28,+
g,UVRBP1,28,+
g,UVRBP1,28,+
c,UVRBP1,28,+
a,UVRBP1,28,+
t,UVRBP1,28,+
a,UVRBP1,28,+
a,UVRBP1,28,+
t,UVRBP1,28,+
t,UVRBP1,28,+
a,UVRBP1,28,+
a,UVRBP1,28,+
g,UVRBP1,28,+
t,UVRBP1,28,+
a,UVRBP1,28,+
c,UVRBP1,28,+
g,UVRBP1,28,+
a,UVRBP1,28,+
c,UVRBP1,28,+
g,UVRBP1,28,+
a,UVRBP1,28,+
g,UVRBP1,28,+
t,UVRBP1,28,+
a,UVRBP1,28,+
a,UVRBP1,28,+
a,UVRBP1,28,+
a,UVRBP1,28,+
t,UVRBP1,28,+
t,UVRBP1,28,+
a,UVRBP1,28,+
c,UVRBP1,28,+
a,UVRBP1,28,+
t,UVRBP1,28,+
a,UVRBP1,28,+
c,UVRBP1,28,+
c,UVRBP1,28,+
t,UVRBP1,28,+
g,UVRBP1,28,+
c,UVRBP1,28,+
c,UVRBP1,28,+
c,UVRBP1,28,+
g,UVRBP1,28,+
a,UVRBP3,29,+
c,UVRBP3,29,+
a,UVRBP3,29,+
g,UVRBP3,29,+
t,UVRBP3,29,+
t,UVRBP3,29,+
a,UVRBP3,29,+
t,UVRBP3,29,+
c,UVRBP3,29,+
c,UVRBP3,29,+
a,UVRBP3,29,+
c,UVRBP3,29,+
t,UVRBP3,29,+
a,UVRBP3,29,+
t,UVRBP3,29,+
t,UVRBP3,29,+
c,UVRBP3,29,+
c,UVRBP3,29,+
t,UVRBP3,29,+
g,UVRBP3,29,+
t,UVRBP3,29,+
g,UVRBP3,29,+
g,UVRBP3,29,+
a,UVRBP3,29,+
t,UVRBP3,29,+
a,UVRBP3,29,+
a,UVRBP3,29,+
c,UVRBP3,29,+
c,UVRBP3,29,+
a,UVRBP3,29,+
t,UVRBP3,29,+
g,UVRBP3,29,+
t,UVRBP3,29,+
g,UVRBP3,29,+
t,UVRBP3,29,+
a,UVRBP3,29,+
t,UVRBP3,29,+
t,UVRBP3,29,+
a,UVRBP3,29,+
g,UVRBP3,29,+
a,UVRBP3,29,+
g,UVRBP3,29,+
t,UVRBP3,29,+
t,UVRBP3,29,+
a,UVRBP3,29,+
g,UVRBP3,29,+
a,UVRBP3,29,+
a,UVRBP3,29,+
a,UVRBP3,29,+
a,UVRBP3,29,+
c,UVRBP3,29,+
a,UVRBP3,29,+
c,UVRBP3,29,+
g,UVRBP3,29,+
a,UVRBP3,29,+
g,UVRBP3,29,+
g,UVRBP3,29,+
t,LEXA,30,+
g,LEXA,30,+
t,LEXA,30,+
g,LEXA,30,+
c,LEXA,30,+
a,LEXA,30,+
g,LEXA,30,+
t,LEXA,30,+
t,LEXA,30,+
t,LEXA,30,+
a,LEXA,30,+
t,LEXA,30,+
g,LEXA,30,+
g,LEXA,30,+
t,LEXA,30,+
t,LEXA,30,+
c,LEXA,30,+
c,LEXA,30,+
a,LEXA,30,+
a,LEXA,30,+
a,LEXA,30,+
a,LEXA,30,+
t,LEXA,30,+
c,LEXA,30,+
g,LEXA,30,+
c,LEXA,30,+
c,LEXA,30,+
t,LEXA,30,+
t,LEXA,30,+
t,LEXA,30,+
t,LEXA,30,+
g,LEXA,30,+
c,LEXA,30,+
t,LEXA,30,+
g,LEXA,30,+
t,LEXA,30,+
a,LEXA,30,+
t,LEXA,30,+
a,LEXA,30,+
t,LEXA,30,+
a,LEXA,30,+
c,LEXA,30,+
t,LEXA,30,+
c,LEXA,30,+
a,LEXA,30,+
c,LEXA,30,+
a,LEXA,30,+
g,LEXA,30,+
c,LEXA,30,+
a,LEXA,30,+
t,LEXA,30,+
a,LEXA,30,+
a,LEXA,30,+
c,LEXA,30,+
t,LEXA,30,+
g,LEXA,30,+
t,LEXA,30,+
t,GLNS,34,+
a,GLNS,34,+
a,GLNS,34,+
a,GLNS,34,+
a,GLNS,34,+
a,GLNS,34,+
a,GLNS,34,+
c,GLNS,34,+
t,GLNS,34,+
a,GLNS,34,+
a,GLNS,34,+
c,GLNS,34,+
a,GLNS,34,+
g,GLNS,34,+
t,GLNS,34,+
t,GLNS,34,+
g,GLNS,34,+
t,GLNS,34,+
c,GLNS,34,+
a,GLNS,34,+
g,GLNS,34,+
c,GLNS,34,+
c,GLNS,34,+
t,GLNS,34,+
g,GLNS,34,+
t,GLNS,34,+
c,GLNS,34,+
c,GLNS,34,+
c,GLNS,34,+
g,GLNS,34,+
c,GLNS,34,+
t,GLNS,34,+
t,GLNS,34,+
a,GLNS,34,+
t,GLNS,34,+
a,GLNS,34,+
a,GLNS,34,+
g,GLNS,34,+
a,GLNS,34,+
t,GLNS,34,+
c,GLNS,34,+
a,GLNS,34,+
t,GLNS,34,+
a,GLNS,34,+
c,GLNS,34,+
g,GLNS,34,+
c,GLNS,34,+
c,GLNS,34,+
g,GLNS,34,+
t,GLNS,34,+
t,GLNS,34,+
a,GLNS,34,+
t,GLNS,34,+
a,GLNS,34,+
c,GLNS,34,+
g,GLNS,34,+
t,GLNS,34,+
c,SUBB-E,36,+
c,SUBB-E,36,+
t,SUBB-E,36,+
t,SUBB-E,36,+
g,SUBB-E,36,+
a,SUBB-E,36,+
a,SUBB-E,36,+
a,SUBB-E,36,+
a,SUBB-E,36,+
a,SUBB-E,36,+
g,SUBB-E,36,+
a,SUBB-E,36,+
g,SUBB-E,36,+
g,SUBB-E,36,+
t,SUBB-E,36,+
t,SUBB-E,36,+
g,SUBB-E,36,+
a,SUBB-E,36,+
c,SUBB-E,36,+
g,SUBB-E,36,+
c,SUBB-E,36,+
t,SUBB-E,36,+
g,SUBB-E,36,+
c,SUBB-E,36,+
a,SUBB-E,36,+
a,SUBB-E,36,+
g,SUBB-E,36,+
g,SUBB-E,36,+
c,SUBB-E,36,+
t,SUBB-E,36,+
c,SUBB-E,36,+
t,SUBB-E,36,+
a,SUBB-E,36,+
t,SUBB-E,36,+
a,SUBB-E,36,+
c,SUBB-E,36,+
g,SUBB-E,36,+
c,SUBB-E,36,+
a,SUBB-E,36,+
t,SUBB-E,36,+
a,SUBB-E,36,+
a,SUBB-E,36,+
t,SUBB-E,36,+
g,SUBB-E,36,+
c,SUBB-E,36,+
g,SUBB-E,36,+
c,SUBB-E,36,+
c,SUBB-E,36,+
c,SUBB-E,36,+
c,SUBB-E,36,+
g,SUBB-E,36,+
c,SUBB-E,36,+
a,SUBB-E,36,+
a,SUBB-E,36,+
c,SUBB-E,36,+
g,SUBB-E,36,+
c,SUBB-E,36,+
t,STR,37,+
c,STR,37,+
g,STR,37,+
t,STR,37,+
t,STR,37,+
g,STR,37,+
t,STR,37,+
a,STR,37,+
t,STR,37,+
a,STR,37,+
t,STR,37,+
t,STR,37,+
t,STR,37,+
c,STR,37,+
t,STR,37,+
t,STR,37,+
g,STR,37,+
a,STR,37,+
c,STR,37,+
a,STR,37,+
c,STR,37,+
c,STR,37,+
t,STR,37,+
t,STR,37,+
t,STR,37,+
t,STR,37,+
c,STR,37,+
g,STR,37,+
g,STR,37,+
c,STR,37,+
a,STR,37,+
t,STR,37,+
c,STR,37,+
g,STR,37,+
c,STR,37,+
c,STR,37,+
c,STR,37,+
t,STR,37,+
a,STR,37,+
a,STR,37,+
a,STR,37,+
a,STR,37,+
t,STR,37,+
t,STR,37,+
c,STR,37,+
g,STR,37,+
g,STR,37,+
c,STR,37,+
g,STR,37,+
t,STR,37,+
c,STR,37,+
c,STR,37,+
t,STR,37,+
c,STR,37,+
a,STR,37,+
t,STR,37,+
a,STR,37,+
c,SPC,38,+
c,SPC,38,+
g,SPC,38,+
t,SPC,38,+
t,SPC,38,+
t,SPC,38,+
a,SPC,38,+
t,SPC,38,+
t,SPC,38,+
t,SPC,38,+
t,SPC,38,+
t,SPC,38,+
t,SPC,38,+
c,SPC,38,+
t,SPC,38,+
a,SPC,38,+
c,SPC,38,+
c,SPC,38,+
c,SPC,38,+
a,SPC,38,+
t,SPC,38,+
a,SPC,38,+
t,SPC,38,+
c,SPC,38,+
c,SPC,38,+
t,SPC,38,+
t,SPC,38,+
g,SPC,38,+
a,SPC,38,+
a,SPC,38,+
g,SPC,38,+
c,SPC,38,+
g,SPC,38,+
g,SPC,38,+
t,SPC,38,+
g,SPC,38,+
t,SPC,38,+
t,SPC,38,+
a,SPC,38,+
t,SPC,38,+
a,SPC,38,+
a,SPC,38,+
t,SPC,38,+
g,SPC,38,+
c,SPC,38,+
c,SPC,38,+
g,SPC,38,+
c,SPC,38,+
g,SPC,38,+
c,SPC,38,+
c,SPC,38,+
c,SPC,38,+
t,SPC,38,+
c,SPC,38,+
g,SPC,38,+
a,SPC,38,+
t,SPC,38,+
t,RPOA,39,+
t,RPOA,39,+
c,RPOA,39,+
g,RPOA,39,+
c,RPOA,39,+
a,RPOA,39,+
t,RPOA,39,+
a,RPOA,39,+
t,RPOA,39,+
t,RPOA,39,+
t,RPOA,39,+
t,RPOA,39,+
t,RPOA,39,+
c,RPOA,39,+
t,RPOA,39,+
t,RPOA,39,+
g,RPOA,39,+
c,RPOA,39,+
a,RPOA,39,+
a,RPOA,39,+
a,RPOA,39,+
g,RPOA,39,+
t,RPOA,39,+
t,RPOA,39,+
g,RPOA,39,+
g,RPOA,39,+
g,RPOA,39,+
t,RPOA,39,+
t,RPOA,39,+
g,RPOA,39,+
a,RPOA,39,+
g,RPOA,39,+
c,RPOA,39,+
t,RPOA,39,+
g,RPOA,39,+
g,RPOA,39,+
c,RPOA,39,+
t,RPOA,39,+
a,RPOA,39,+
g,RPOA,39,+
a,RPOA,39,+
t,RPOA,39,+
t,RPOA,39,+
a,RPOA,39,+
g,RPOA,39,+
c,RPOA,39,+
c,RPOA,39,+
a,RPOA,39,+
g,RPOA,39,+
c,RPOA,39,+
c,RPOA,39,+
a,RPOA,39,+
a,RPOA,39,+
t,RPOA,39,+
c,RPOA,39,+
t,RPOA,39,+
t,RPOA,39,+
g,PORI-R,41,+
a,PORI-R,41,+
t,PORI-R,41,+
c,PORI-R,41,+
g,PORI-R,41,+
c,PORI-R,41,+
a,PORI-R,41,+
c,PORI-R,41,+
g,PORI-R,41,+
a,PORI-R,41,+
t,PORI-R,41,+
c,PORI-R,41,+
t,PORI-R,41,+
g,PORI-R,41,+
t,PORI-R,41,+
a,PORI-R,41,+
t,PORI-R,41,+
a,PORI-R,41,+
c,PORI-R,41,+
t,PORI-R,41,+
t,PORI-R,41,+
a,PORI-R,41,+
t,PORI-R,41,+
t,PORI-R,41,+
t,PORI-R,41,+
g,PORI-R,41,+
a,PORI-R,41,+
g,PORI-R,41,+
t,PORI-R,41,+
a,PORI-R,41,+
a,PORI-R,41,+
a,PORI-R,41,+
t,PORI-R,41,+
t,PORI-R,41,+
a,PORI-R,41,+
a,PORI-R,41,+
c,PORI-R,41,+
c,PORI-R,41,+
c,PORI-R,41,+
a,PORI-R,41,+
c,PORI-R,41,+
g,PORI-R,41,+
a,PORI-R,41,+
t,PORI-R,41,+
c,PORI-R,41,+
c,PORI-R,41,+
c,PORI-R,41,+
a,PORI-R,41,+
g,PORI-R,41,+
c,PORI-R,41,+
c,PORI-R,41,+
a,PORI-R,41,+
t,PORI-R,41,+
t,PORI-R,41,+
c,PORI-R,41,+
t,PORI-R,41,+
t,PORI-R,41,+
a,ALAS,42,+
a,ALAS,42,+
c,ALAS,42,+
g,ALAS,42,+
c,ALAS,42,+
a,ALAS,42,+
t,ALAS,42,+
a,ALAS,42,+
c,ALAS,42,+
g,ALAS,42,+
g,ALAS,42,+
t,ALAS,42,+
a,ALAS,42,+
t,ALAS,42,+
t,ALAS,42,+
t,ALAS,42,+
t,ALAS,42,+
a,ALAS,42,+
c,ALAS,42,+
c,ALAS,42,+
t,ALAS,42,+
t,ALAS,42,+
c,ALAS,42,+
c,ALAS,42,+
c,ALAS,42,+
a,ALAS,42,+
g,ALAS,42,+
t,ALAS,42,+
c,ALAS,42,+
a,ALAS,42,+
a,ALAS,42,+
g,ALAS,42,+
a,ALAS,42,+
a,ALAS,42,+
a,ALAS,42,+
a,ALAS,42,+
c,ALAS,42,+
t,ALAS,42,+
t,ALAS,42,+
a,ALAS,42,+
t,ALAS,42,+
c,ALAS,42,+
t,ALAS,42,+
t,ALAS,42,+
a,ALAS,42,+
t,ALAS,42,+
t,ALAS,42,+
c,ALAS,42,+
c,ALAS,42,+
c,ALAS,42,+
a,ALAS,42,+
c,ALAS,42,+
t,ALAS,42,+
t,ALAS,42,+
t,ALAS,42,+
t,ALAS,42,+
c,ALAS,42,+
t,ARABAD,43,+
t,ARABAD,43,+
a,ARABAD,43,+
g,ARABAD,43,+
c,ARABAD,43,+
g,ARABAD,43,+
g,ARABAD,43,+
a,ARABAD,43,+
t,ARABAD,43,+
c,ARABAD,43,+
c,ARABAD,43,+
t,ARABAD,43,+
a,ARABAD,43,+
c,ARABAD,43,+
c,ARABAD,43,+
t,ARABAD,43,+
g,ARABAD,43,+
a,ARABAD,43,+
c,ARABAD,43,+
g,ARABAD,43,+
c,ARABAD,43,+
t,ARABAD,43,+
t,ARABAD,43,+
t,ARABAD,43,+
t,ARABAD,43,+
t,ARABAD,43,+
a,ARABAD,43,+
t,ARABAD,43,+
c,ARABAD,43,+
g,ARABAD,43,+
c,ARABAD,43,+
a,ARABAD,43,+
a,ARABAD,43,+
c,ARABAD,43,+
t,ARABAD,43,+
c,ARABAD,43,+
t,ARABAD,43,+
c,ARABAD,43,+
t,ARABAD,43,+
a,ARABAD,43,+
c,ARABAD,43,+
t,ARABAD,43,+
g,ARABAD,43,+
t,ARABAD,43,+
t,ARABAD,43,+
t,ARABAD,43,+
c,ARABAD,43,+
t,ARABAD,43,+
c,ARABAD,43,+
c,ARABAD,43,+
a,ARABAD,43,+
t,ARABAD,43,+
a,ARABAD,43,+
c,ARABAD,43,+
c,ARABAD,43,+
c,ARABAD,43,+
g,ARABAD,43,+
g,BIOA,44,+
c,BIOA,44,+
c,BIOA,44,+
t,BIOA,44,+
t,BIOA,44,+
c,BIOA,44,+
t,BIOA,44,+
c,BIOA,44,+
c,BIOA,44,+
a,BIOA,44,+
a,BIOA,44,+
a,BIOA,44,+
a,BIOA,44,+
c,BIOA,44,+
g,BIOA,44,+
t,BIOA,44,+
g,BIOA,44,+
t,BIOA,44,+
t,BIOA,44,+
t,BIOA,44,+
t,BIOA,44,+
t,BIOA,44,+
t,BIOA,44,+
g,BIOA,44,+
t,BIOA,44,+
t,BIOA,44,+
g,BIOA,44,+
t,BIOA,44,+
t,BIOA,44,+
a,BIOA,44,+
a,BIOA,44,+
t,BIOA,44,+
t,BIOA,44,+
c,BIOA,44,+
g,BIOA,44,+
g,BIOA,44,+
t,BIOA,44,+
g,BIOA,44,+
t,BIOA,44,+
a,BIOA,44,+
g,BIOA,44,+
a,BIOA,44,+
c,BIOA,44,+
t,BIOA,44,+
t,BIOA,44,+
g,BIOA,44,+
t,BIOA,44,+
a,BIOA,44,+
a,BIOA,44,+
a,BIOA,44,+
c,BIOA,44,+
c,BIOA,44,+
t,BIOA,44,+
a,BIOA,44,+
a,BIOA,44,+
a,BIOA,44,+
t,BIOA,44,+
c,DEOP1,45,+
a,DEOP1,45,+
g,DEOP1,45,+
a,DEOP1,45,+
a,DEOP1,45,+
a,DEOP1,45,+
c,DEOP1,45,+
g,DEOP1,45,+
t,DEOP1,45,+
t,DEOP1,45,+
t,DEOP1,45,+
t,DEOP1,45,+
a,DEOP1,45,+
t,DEOP1,45,+
t,DEOP1,45,+
c,DEOP1,45,+
g,DEOP1,45,+
a,DEOP1,45,+
a,DEOP1,45,+
c,DEOP1,45,+
a,DEOP1,45,+
t,DEOP1,45,+
c,DEOP1,45,+
g,DEOP1,45,+
a,DEOP1,45,+
t,DEOP1,45,+
c,DEOP1,45,+
t,DEOP1,45,+
c,DEOP1,45,+
g,DEOP1,45,+
t,DEOP1,45,+
c,DEOP1,45,+
t,DEOP1,45,+
t,DEOP1,45,+
g,DEOP1,45,+
t,DEOP1,45,+
g,DEOP1,45,+
t,DEOP1,45,+
t,DEOP1,45,+
a,DEOP1,45,+
g,DEOP1,45,+
a,DEOP1,45,+
a,DEOP1,45,+
t,DEOP1,45,+
t,DEOP1,45,+
c,DEOP1,45,+
t,DEOP1,45,+
a,DEOP1,45,+
a,DEOP1,45,+
c,DEOP1,45,+
a,DEOP1,45,+
t,DEOP1,45,+
a,DEOP1,45,+
c,DEOP1,45,+
g,DEOP1,45,+
g,DEOP1,45,+
t,DEOP1,45,+
c,HISJ,48,+
a,HISJ,48,+
a,HISJ,48,+
g,HISJ,48,+
g,HISJ,48,+
t,HISJ,48,+
a,HISJ,48,+
g,HISJ,48,+
a,HISJ,48,+
a,HISJ,48,+
t,HISJ,48,+
g,HISJ,48,+
c,HISJ,48,+
t,HISJ,48,+
t,HISJ,48,+
t,HISJ,48,+
g,HISJ,48,+
c,HISJ,48,+
c,HISJ,48,+
t,HISJ,48,+
t,HISJ,48,+
g,HISJ,48,+
t,HISJ,48,+
c,HISJ,48,+
g,HISJ,48,+
g,HISJ,48,+
c,HISJ,48,+
c,HISJ,48,+
t,HISJ,48,+
g,HISJ,48,+
a,HISJ,48,+
t,HISJ,48,+
t,HISJ,48,+
a,HISJ,48,+
a,HISJ,48,+
t,HISJ,48,+
g,HISJ,48,+
g,HISJ,48,+
c,HISJ,48,+
a,HISJ,48,+
c,HISJ,48,+
g,HISJ,48,+
a,HISJ,48,+
t,HISJ,48,+
a,HISJ,48,+
g,HISJ,48,+
t,HISJ,48,+
c,HISJ,48,+
g,HISJ,48,+
c,HISJ,48,+
a,HISJ,48,+
t,HISJ,48,+
c,HISJ,48,+
g,HISJ,48,+
g,HISJ,48,+
a,HISJ,48,+
t,HISJ,48,+
g,ILVGEDA,49,+
g,ILVGEDA,49,+
c,ILVGEDA,49,+
c,ILVGEDA,49,+
a,ILVGEDA,49,+
a,ILVGEDA,49,+
a,ILVGEDA,49,+
a,ILVGEDA,49,+
a,ILVGEDA,49,+
a,ILVGEDA,49,+
t,ILVGEDA,49,+
a,ILVGEDA,49,+
t,ILVGEDA,49,+
c,ILVGEDA,49,+
t,ILVGEDA,49,+
t,ILVGEDA,49,+
g,ILVGEDA,49,+
t,ILVGEDA,49,+
a,ILVGEDA,49,+
c,ILVGEDA,49,+
t,ILVGEDA,49,+
a,ILVGEDA,49,+
t,ILVGEDA,49,+
t,ILVGEDA,49,+
t,ILVGEDA,49,+
a,ILVGEDA,49,+
c,ILVGEDA,49,+
a,ILVGEDA,49,+
a,ILVGEDA,49,+
a,ILVGEDA,49,+
a,ILVGEDA,49,+
c,ILVGEDA,49,+
c,ILVGEDA,49,+
t,ILVGEDA,49,+
a,ILVGEDA,49,+
t,ILVGEDA,49,+
g,ILVGEDA,49,+
g,ILVGEDA,49,+
t,ILVGEDA,49,+
a,ILVGEDA,49,+
a,ILVGEDA,49,+
c,ILVGEDA,49,+
t,ILVGEDA,49,+
c,ILVGEDA,49,+
t,ILVGEDA,49,+
t,ILVGEDA,49,+
t,ILVGEDA,49,+
a,ILVGEDA,49,+
g,ILVGEDA,49,+
g,ILVGEDA,49,+
c,ILVGEDA,49,+
a,ILVGEDA,49,+
t,ILVGEDA,49,+
t,ILVGEDA,49,+
c,ILVGEDA,49,+
c,ILVGEDA,49,+
t,ILVGEDA,49,+
t,LACP1,50,+
a,LACP1,50,+
g,LACP1,50,+
g,LACP1,50,+
c,LACP1,50,+
a,LACP1,50,+
c,LACP1,50,+
c,LACP1,50,+
c,LACP1,50,+
c,LACP1,50,+
a,LACP1,50,+
g,LACP1,50,+
g,LACP1,50,+
c,LACP1,50,+
t,LACP1,50,+
t,LACP1,50,+
t,LACP1,50,+
a,LACP1,50,+
c,LACP1,50,+
a,LACP1,50,+
c,LACP1,50,+
t,LACP1,50,+
t,LACP1,50,+
t,LACP1,50,+
a,LACP1,50,+
t,LACP1,50,+
g,LACP1,50,+
c,LACP1,50,+
t,LACP1,50,+
t,LACP1,50,+
c,LACP1,50,+
c,LACP1,50,+
g,LACP1,50,+
g,LACP1,50,+
c,LACP1,50,+
t,LACP1,50,+
c,LACP1,50,+
g,LACP1,50,+
t,LACP1,50,+
a,LACP1,50,+
t,LACP1,50,+
g,LACP1,50,+
t,LACP1,50,+
t,LACP1,50,+
g,LACP1,50,+
t,LACP1,50,+
g,LACP1,50,+
t,LACP1,50,+
g,LACP1,50,+
g,LACP1,50,+
a,LACP1,50,+
a,LACP1,50,+
t,LACP1,50,+
t,LACP1,50,+
g,LACP1,50,+
t,LACP1,50,+
g,LACP1,50,+
c,LPP,51,+
c,LPP,51,+
a,LPP,51,+
t,LPP,51,+
c,LPP,51,+
a,LPP,51,+
a,LPP,51,+
a,LPP,51,+
a,LPP,51,+
a,LPP,51,+
a,LPP,51,+
a,LPP,51,+
t,LPP,51,+
a,LPP,51,+
t,LPP,51,+
t,LPP,51,+
c,LPP,51,+
t,LPP,51,+
c,LPP,51,+
a,LPP,51,+
a,LPP,51,+
c,LPP,51,+
a,LPP,51,+
t,LPP,51,+
a,LPP,51,+
a,LPP,51,+
a,LPP,51,+
a,LPP,51,+
a,LPP,51,+
a,LPP,51,+
c,LPP,51,+
t,LPP,51,+
t,LPP,51,+
t,LPP,51,+
g,LPP,51,+
t,LPP,51,+
g,LPP,51,+
t,LPP,51,+
a,LPP,51,+
a,LPP,51,+
t,LPP,51,+
a,LPP,51,+
c,LPP,51,+
t,LPP,51,+
t,LPP,51,+
g,LPP,51,+
t,LPP,51,+
a,LPP,51,+
a,LPP,51,+
c,LPP,51,+
g,LPP,51,+
c,LPP,51,+
t,LPP,51,+
a,LPP,51,+
c,LPP,51,+
a,LPP,51,+
t,LPP,51,+
t,UVRB_P2,53,+
c,UVRB_P2,53,+
a,UVRB_P2,53,+
g,UVRB_P2,53,+
a,UVRB_P2,53,+
a,UVRB_P2,53,+
a,UVRB_P2,53,+
t,UVRB_P2,53,+
a,UVRB_P2,53,+
t,UVRB_P2,53,+
t,UVRB_P2,53,+
a,UVRB_P2,53,+
t,UVRB_P2,53,+
g,UVRB_P2,53,+
g,UVRB_P2,53,+
t,UVRB_P2,53,+
g,UVRB_P2,53,+
a,UVRB_P2,53,+
t,UVRB_P2,53,+
g,UVRB_P2,53,+
a,UVRB_P2,53,+
a,UVRB_P2,53,+
c,UVRB_P2,53,+
t,UVRB_P2,53,+
g,UVRB_P2,53,+
t,UVRB_P2,53,+
t,UVRB_P2,53,+
t,UVRB_P2,53,+
t,UVRB_P2,53,+
t,UVRB_P2,53,+
t,UVRB_P2,53,+
t,UVRB_P2,53,+
a,UVRB_P2,53,+
t,UVRB_P2,53,+
c,UVRB_P2,53,+
c,UVRB_P2,53,+
a,UVRB_P2,53,+
g,UVRB_P2,53,+
t,UVRB_P2,53,+
a,UVRB_P2,53,+
t,UVRB_P2,53,+
a,UVRB_P2,53,+
a,UVRB_P2,53,+
t,UVRB_P2,53,+
t,UVRB_P2,53,+
t,UVRB_P2,53,+
g,UVRB_P2,53,+
t,UVRB_P2,53,+
t,UVRB_P2,53,+
g,UVRB_P2,53,+
g,UVRB_P2,53,+
c,UVRB_P2,53,+
a,UVRB_P2,53,+
t,UVRB_P2,53,+
a,UVRB_P2,53,+
a,UVRB_P2,53,+
t,UVRB_P2,53,+
a,867,54,-
t,867,54,-
a,867,54,-
t,867,54,-
g,867,54,-
a,867,54,-
a,867,54,-
c,867,54,-
g,867,54,-
t,867,54,-
t,867,54,-
g,867,54,-
a,867,54,-
g,867,54,-
a,867,54,-
c,867,54,-
t,867,54,-
g,867,54,-
c,867,54,-
c,867,54,-
g,867,54,-
c,867,54,-
t,867,54,-
g,867,54,-
a,867,54,-
g,867,54,-
t,867,54,-
t,867,54,-
a,867,54,-
t,867,54,-
c,867,54,-
a,867,54,-
g,867,54,-
c,867,54,-
t,867,54,-
g,867,54,-
t,867,54,-
g,867,54,-
a,867,54,-
a,867,54,-
c,867,54,-
g,867,54,-
a,867,54,-
c,867,54,-
a,867,54,-
t,867,54,-
t,867,54,-
c,867,54,-
t,867,54,-
g,867,54,-
g,867,54,-
c,867,54,-
g,867,54,-
t,867,54,-
c,867,54,-
t,867,54,-
a,867,54,-
c,1169,55,-
g,1169,55,-
a,1169,55,-
a,1169,55,-
c,1169,55,-
g,1169,55,-
a,1169,55,-
g,1169,55,-
t,1169,55,-
c,1169,55,-
a,1169,55,-
a,1169,55,-
t,1169,55,-
c,1169,55,-
a,1169,55,-
g,1169,55,-
a,1169,55,-
c,1169,55,-
c,1169,55,-
g,1169,55,-
c,1169,55,-
t,1169,55,-
t,1169,55,-
t,1169,55,-
g,1169,55,-
a,1169,55,-
c,1169,55,-
t,1169,55,-
c,1169,55,-
t,1169,55,-
g,1169,55,-
g,1169,55,-
t,1169,55,-
a,1169,55,-
t,1169,55,-
t,1169,55,-
a,1169,55,-
c,1169,55,-
t,1169,55,-
g,1169,55,-
t,1169,55,-
g,1169,55,-
a,1169,55,-
a,1169,55,-
c,1169,55,-
a,1169,55,-
t,1169,55,-
t,1169,55,-
a,1169,55,-
t,1169,55,-
t,1169,55,-
c,1169,55,-
g,1169,55,-
t,1169,55,-
c,1169,55,-
t,1169,55,-
c,1169,55,-
t,521,57,-
t,521,57,-
g,521,57,-
a,521,57,-
c,521,57,-
c,521,57,-
t,521,57,-
a,521,57,-
c,521,57,-
t,521,57,-
a,521,57,-
c,521,57,-
g,521,57,-
c,521,57,-
c,521,57,-
a,521,57,-
g,521,57,-
c,521,57,-
a,521,57,-
t,521,57,-
t,521,57,-
t,521,57,-
t,521,57,-
g,521,57,-
g,521,57,-
c,521,57,-
g,521,57,-
g,521,57,-
t,521,57,-
g,521,57,-
t,521,57,-
a,521,57,-
a,521,57,-
g,521,57,-
c,521,57,-
t,521,57,-
a,521,57,-
a,521,57,-
c,521,57,-
c,521,57,-
a,521,57,-
t,521,57,-
t,521,57,-
c,521,57,-
c,521,57,-
g,521,57,-
g,521,57,-
t,521,57,-
t,521,57,-
g,521,57,-
a,521,57,-
c,521,57,-
t,521,57,-
c,521,57,-
a,521,57,-
a,521,57,-
t,521,57,-
c,918,58,-
g,918,58,-
t,918,58,-
c,918,58,-
t,918,58,-
a,918,58,-
t,918,58,-
c,918,58,-
g,918,58,-
g,918,58,-
t,918,58,-
g,918,58,-
a,918,58,-
a,918,58,-
c,918,58,-
c,918,58,-
t,918,58,-
c,918,58,-
c,918,58,-
g,918,58,-
g,918,58,-
t,918,58,-
a,918,58,-
t,918,58,-
c,918,58,-
a,918,58,-
a,918,58,-
c,918,58,-
g,918,58,-
c,918,58,-
t,918,58,-
g,918,58,-
g,918,58,-
a,918,58,-
a,918,58,-
g,918,58,-
g,918,58,-
t,918,58,-
g,918,58,-
a,918,58,-
c,918,58,-
g,918,58,-
c,918,58,-
t,918,58,-
a,918,58,-
a,918,58,-
c,918,58,-
g,918,58,-
c,918,58,-
a,918,58,-
g,918,58,-
a,918,58,-
t,918,58,-
g,918,58,-
c,918,58,-
a,918,58,-
g,918,58,-
g,1481,59,-
c,1481,59,-
c,1481,59,-
a,1481,59,-
a,1481,59,-
t,1481,59,-
c,1481,59,-
a,1481,59,-
a,1481,59,-
t,1481,59,-
c,1481,59,-
a,1481,59,-
a,1481,59,-
g,1481,59,-
a,1481,59,-
a,1481,59,-
c,1481,59,-
t,1481,59,-
t,1481,59,-
g,1481,59,-
a,1481,59,-
a,1481,59,-
g,1481,59,-
g,1481,59,-
g,1481,59,-
t,1481,59,-
g,1481,59,-
g,1481,59,-
t,1481,59,-
a,1481,59,-
t,1481,59,-
c,1481,59,-
a,1481,59,-
g,1481,59,-
c,1481,59,-
c,1481,59,-
a,1481,59,-
a,1481,59,-
c,1481,59,-
a,1481,59,-
g,1481,59,-
c,1481,59,-
c,1481,59,-
t,1481,59,-
g,1481,59,-
a,1481,59,-
c,1481,59,-
a,1481,59,-
t,1481,59,-
c,1481,59,-
c,1481,59,-
t,1481,59,-
t,1481,59,-
c,1481,59,-
g,1481,59,-
t,1481,59,-
t,1481,59,-
t,1024,60,-
g,1024,60,-
g,1024,60,-
a,1024,60,-
t,1024,60,-
g,1024,60,-
g,1024,60,-
a,1024,60,-
c,1024,60,-
g,1024,60,-
t,1024,60,-
t,1024,60,-
c,1024,60,-
a,1024,60,-
a,1024,60,-
c,1024,60,-
a,1024,60,-
t,1024,60,-
t,1024,60,-
g,1024,60,-
a,1024,60,-
g,1024,60,-
g,1024,60,-
a,1024,60,-
a,1024,60,-
g,1024,60,-
g,1024,60,-
c,1024,60,-
a,1024,60,-
t,1024,60,-
a,1024,60,-
a,1024,60,-
c,1024,60,-
g,1024,60,-
c,1024,60,-
t,1024,60,-
a,1024,60,-
c,1024,60,-
t,1024,60,-
a,1024,60,-
c,1024,60,-
c,1024,60,-
t,1024,60,-
g,1024,60,-
a,1024,60,-
t,1024,60,-
g,1024,60,-
t,1024,60,-
t,1024,60,-
t,1024,60,-
a,1024,60,-
c,1024,60,-
t,1024,60,-
c,1024,60,-
c,1024,60,-
a,1024,60,-
a,1024,60,-
g,1149,61,-
a,1149,61,-
g,1149,61,-
g,1149,61,-
t,1149,61,-
g,1149,61,-
g,1149,61,-
c,1149,61,-
t,1149,61,-
a,1149,61,-
t,1149,61,-
g,1149,61,-
t,1149,61,-
g,1149,61,-
t,1149,61,-
a,1149,61,-
t,1149,61,-
g,1149,61,-
a,1149,61,-
c,1149,61,-
c,1149,61,-
g,1149,61,-
a,1149,61,-
a,1149,61,-
c,1149,61,-
g,1149,61,-
a,1149,61,-
g,1149,61,-
t,1149,61,-
c,1149,61,-
a,1149,61,-
a,1149,61,-
t,1149,61,-
c,1149,61,-
a,1149,61,-
g,1149,61,-
a,1149,61,-
c,1149,61,-
c,1149,61,-
g,1149,61,-
c,1149,61,-
t,1149,61,-
t,1149,61,-
t,1149,61,-
g,1149,61,-
a,1149,61,-
c,1149,61,-
t,1149,61,-
c,1149,61,-
t,1149,61,-
g,1149,61,-
g,1149,61,-
t,1149,61,-
a,1149,61,-
t,1149,61,-
t,1149,61,-
a,1149,61,-
c,313,62,-
g,313,62,-
t,313,62,-
a,313,62,-
g,313,62,-
c,313,62,-
g,313,62,-
c,313,62,-
a,313,62,-
t,313,62,-
c,313,62,-
a,313,62,-
g,313,62,-
t,313,62,-
g,313,62,-
c,313,62,-
t,313,62,-
t,313,62,-
t,313,62,-
c,313,62,-
t,313,62,-
t,313,62,-
a,313,62,-
c,313,62,-
t,313,62,-
g,313,62,-
t,313,62,-
g,313,62,-
a,313,62,-
g,313,62,-
t,313,62,-
a,313,62,-
c,313,62,-
g,313,62,-
c,313,62,-
a,313,62,-
c,313,62,-
c,313,62,-
a,313,62,-
g,313,62,-
c,313,62,-
g,313,62,-
c,313,62,-
c,313,62,-
a,313,62,-
g,313,62,-
a,313,62,-
g,313,62,-
g,313,62,-
a,313,62,-
c,313,62,-
g,313,62,-
a,313,62,-
c,313,62,-
g,313,62,-
a,313,62,-
c,313,62,-
c,780,63,-
g,780,63,-
a,780,63,-
c,780,63,-
c,780,63,-
g,780,63,-
a,780,63,-
a,780,63,-
g,780,63,-
c,780,63,-
g,780,63,-
a,780,63,-
g,780,63,-
c,780,63,-
c,780,63,-
t,780,63,-
c,780,63,-
g,780,63,-
t,780,63,-
c,780,63,-
c,780,63,-
t,780,63,-
c,780,63,-
a,780,63,-
a,780,63,-
t,780,63,-
g,780,63,-
g,780,63,-
c,780,63,-
c,780,63,-
t,780,63,-
c,780,63,-
t,780,63,-
a,780,63,-
a,780,63,-
a,780,63,-
c,780,63,-
g,780,63,-
g,780,63,-
g,780,63,-
t,780,63,-
c,780,63,-
t,780,63,-
t,780,63,-
g,780,63,-
a,780,63,-
g,780,63,-
g,780,63,-
g,780,63,-
g,780,63,-
t,780,63,-
t,780,63,-
t,780,63,-
t,780,63,-
t,780,63,-
t,780,63,-
g,780,63,-
a,507,65,-
t,507,65,-
a,507,65,-
g,507,65,-
t,507,65,-
c,507,65,-
t,507,65,-
c,507,65,-
a,507,65,-
g,507,65,-
a,507,65,-
g,507,65,-
t,507,65,-
c,507,65,-
t,507,65,-
t,507,65,-
g,507,65,-
a,507,65,-
c,507,65,-
c,507,65,-
t,507,65,-
a,507,65,-
c,507,65,-
t,507,65,-
a,507,65,-
c,507,65,-
g,507,65,-
c,507,65,-
c,507,65,-
a,507,65,-
g,507,65,-
c,507,65,-
a,507,65,-
t,507,65,-
t,507,65,-
t,507,65,-
t,507,65,-
g,507,65,-
g,507,65,-
c,507,65,-
g,507,65,-
g,507,65,-
t,507,65,-
g,507,65,-
t,507,65,-
a,507,65,-
a,507,65,-
g,507,65,-
c,507,65,-
t,507,65,-
a,507,65,-
a,507,65,-
c,507,65,-
c,507,65,-
a,507,65,-
t,507,65,-
t,507,65,-
a,39,66,-
a,39,66,-
c,39,66,-
t,39,66,-
c,39,66,-
a,39,66,-
a,39,66,-
g,39,66,-
g,39,66,-
c,39,66,-
t,39,66,-
g,39,66,-
a,39,66,-
t,39,66,-
a,39,66,-
c,39,66,-
g,39,66,-
g,39,66,-
c,39,66,-
g,39,66,-
a,39,66,-
g,39,66,-
a,39,66,-
c,39,66,-
t,39,66,-
t,39,66,-
g,39,66,-
c,39,66,-
g,39,66,-
a,39,66,-
g,39,66,-
c,39,66,-
c,39,66,-
t,39,66,-
t,39,66,-
g,39,66,-
t,39,66,-
c,39,66,-
c,39,66,-
t,39,66,-
t,39,66,-
g,39,66,-
c,39,66,-
g,39,66,-
g,39,66,-
t,39,66,-
a,39,66,-
c,39,66,-
a,39,66,-
c,39,66,-
a,39,66,-
g,39,66,-
c,39,66,-
a,39,66,-
g,39,66,-
c,39,66,-
g,39,66,-
t,1203,67,-
t,1203,67,-
a,1203,67,-
c,1203,67,-
t,1203,67,-
g,1203,67,-
t,1203,67,-
g,1203,67,-
a,1203,67,-
a,1203,67,-
c,1203,67,-
a,1203,67,-
t,1203,67,-
t,1203,67,-
a,1203,67,-
t,1203,67,-
t,1203,67,-
c,1203,67,-
g,1203,67,-
t,1203,67,-
c,1203,67,-
t,1203,67,-
c,1203,67,-
c,1203,67,-
g,1203,67,-
c,1203,67,-
g,1203,67,-
a,1203,67,-
c,1203,67,-
t,1203,67,-
a,1203,67,-
c,1203,67,-
g,1203,67,-
a,1203,67,-
t,1203,67,-
g,1203,67,-
a,1203,67,-
g,1203,67,-
a,1203,67,-
t,1203,67,-
g,1203,67,-
c,1203,67,-
c,1203,67,-
t,1203,67,-
g,1203,67,-
a,1203,67,-
g,1203,67,-
t,1203,67,-
g,1203,67,-
c,1203,67,-
t,1203,67,-
t,1203,67,-
c,1203,67,-
c,1203,67,-
g,1203,67,-
t,1203,67,-
t,1203,67,-
t,988,68,-
a,988,68,-
t,988,68,-
t,988,68,-
c,988,68,-
t,988,68,-
c,988,68,-
a,988,68,-
a,988,68,-
c,988,68,-
a,988,68,-
a,988,68,-
g,988,68,-
a,988,68,-
t,988,68,-
t,988,68,-
a,988,68,-
a,988,68,-
c,988,68,-
c,988,68,-
g,988,68,-
a,988,68,-
c,988,68,-
a,988,68,-
g,988,68,-
a,988,68,-
t,988,68,-
t,988,68,-
c,988,68,-
a,988,68,-
a,988,68,-
t,988,68,-
c,988,68,-
t,988,68,-
c,988,68,-
g,988,68,-
t,988,68,-
g,988,68,-
g,988,68,-
a,988,68,-
t,988,68,-
g,988,68,-
g,988,68,-
a,988,68,-
c,988,68,-
g,988,68,-
t,988,68,-
t,988,68,-
c,988,68,-
a,988,68,-
a,988,68,-
c,988,68,-
a,988,68,-
t,988,68,-
t,988,68,-
g,988,68,-
a,988,68,-
a,1171,69,-
a,1171,69,-
c,1171,69,-
g,1171,69,-
a,1171,69,-
g,1171,69,-
t,1171,69,-
c,1171,69,-
a,1171,69,-
a,1171,69,-
t,1171,69,-
c,1171,69,-
a,1171,69,-
g,1171,69,-
a,1171,69,-
c,1171,69,-
c,1171,69,-
g,1171,69,-
c,1171,69,-
t,1171,69,-
t,1171,69,-
t,1171,69,-
g,1171,69,-
a,1171,69,-
c,1171,69,-
t,1171,69,-
c,1171,69,-
t,1171,69,-
g,1171,69,-
g,1171,69,-
t,1171,69,-
a,1171,69,-
t,1171,69,-
t,1171,69,-
a,1171,69,-
c,1171,69,-
t,1171,69,-
g,1171,69,-
t,1171,69,-
g,1171,69,-
a,1171,69,-
a,1171,69,-
c,1171,69,-
a,1171,69,-
t,1171,69,-
t,1171,69,-
a,1171,69,-
t,1171,69,-
t,1171,69,-
c,1171,69,-
g,1171,69,-
t,1171,69,-
c,1171,69,-
t,1171,69,-
c,1171,69,-
c,1171,69,-
g,1171,69,-
a,753,70,-
a,753,70,-
g,753,70,-
t,753,70,-
g,753,70,-
c,753,70,-
t,753,70,-
t,753,70,-
a,753,70,-
g,753,70,-
c,753,70,-
t,753,70,-
t,753,70,-
c,753,70,-
a,753,70,-
a,753,70,-
g,753,70,-
g,753,70,-
t,753,70,-
c,753,70,-
a,753,70,-
c,753,70,-
g,753,70,-
g,753,70,-
a,753,70,-
t,753,70,-
a,753,70,-
c,753,70,-
g,753,70,-
a,753,70,-
c,753,70,-
c,753,70,-
g,753,70,-
a,753,70,-
a,753,70,-
g,753,70,-
c,753,70,-
g,753,70,-
a,753,70,-
g,753,70,-
c,753,70,-
c,753,70,-
t,753,70,-
c,753,70,-
g,753,70,-
t,753,70,-
c,753,70,-
c,753,70,-
t,753,70,-
c,753,70,-
a,753,70,-
a,753,70,-
t,753,70,-
g,753,70,-
g,753,70,-
c,753,70,-
c,753,70,-
g,630,71,-
a,630,71,-
a,630,71,-
g,630,71,-
a,630,71,-
c,630,71,-
c,630,71,-
a,630,71,-
c,630,71,-
g,630,71,-
c,630,71,-
c,630,71,-
t,630,71,-
c,630,71,-
g,630,71,-
c,630,71,-
c,630,71,-
a,630,71,-
c,630,71,-
c,630,71,-
g,630,71,-
a,630,71,-
g,630,71,-
t,630,71,-
a,630,71,-
g,630,71,-
a,630,71,-
c,630,71,-
c,630,71,-
c,630,71,-
t,630,71,-
t,630,71,-
a,630,71,-
g,630,71,-
a,630,71,-
g,630,71,-
a,630,71,-
g,630,71,-
c,630,71,-
a,630,71,-
t,630,71,-
g,630,71,-
t,630,71,-
c,630,71,-
a,630,71,-
g,630,71,-
c,630,71,-
c,630,71,-
t,630,71,-
c,630,71,-
g,630,71,-
a,630,71,-
c,630,71,-
a,630,71,-
a,630,71,-
c,630,71,-
t,630,71,-
t,660,72,-
t,660,72,-
a,660,72,-
g,660,72,-
a,660,72,-
g,660,72,-
a,660,72,-
g,660,72,-
c,660,72,-
a,660,72,-
t,660,72,-
g,660,72,-
t,660,72,-
c,660,72,-
a,660,72,-
g,660,72,-
c,660,72,-
c,660,72,-
t,660,72,-
c,660,72,-
g,660,72,-
a,660,72,-
c,660,72,-
a,660,72,-
a,660,72,-
c,660,72,-
t,660,72,-
t,660,72,-
g,660,72,-
c,660,72,-
a,660,72,-
t,660,72,-
a,660,72,-
a,660,72,-
a,660,72,-
t,660,72,-
g,660,72,-
c,660,72,-
t,660,72,-
t,660,72,-
t,660,72,-
c,660,72,-
t,660,72,-
t,660,72,-
g,660,72,-
t,660,72,-
a,660,72,-
g,660,72,-
a,660,72,-
c,660,72,-
g,660,72,-
t,660,72,-
g,660,72,-
c,660,72,-
c,660,72,-
c,660,72,-
t,660,72,-
t,835,74,-
g,835,74,-
c,835,74,-
t,835,74,-
g,835,74,-
a,835,74,-
a,835,74,-
a,835,74,-
g,835,74,-
g,835,74,-
a,835,74,-
g,835,74,-
g,835,74,-
a,835,74,-
a,835,74,-
c,835,74,-
t,835,74,-
a,835,74,-
t,835,74,-
a,835,74,-
t,835,74,-
g,835,74,-
c,835,74,-
g,835,74,-
c,835,74,-
t,835,74,-
c,835,74,-
a,835,74,-
t,835,74,-
a,835,74,-
c,835,74,-
g,835,74,-
a,835,74,-
t,835,74,-
a,835,74,-
t,835,74,-
g,835,74,-
a,835,74,-
a,835,74,-
c,835,74,-
g,835,74,-
t,835,74,-
t,835,74,-
g,835,74,-
a,835,74,-
g,835,74,-
a,835,74,-
c,835,74,-
t,835,74,-
g,835,74,-
c,835,74,-
c,835,74,-
g,835,74,-
c,835,74,-
t,835,74,-
g,835,74,-
a,835,74,-
c,35,75,-
a,35,75,-
t,35,75,-
g,35,75,-
a,35,75,-
a,35,75,-
c,35,75,-
t,35,75,-
c,35,75,-
a,35,75,-
a,35,75,-
g,35,75,-
g,35,75,-
c,35,75,-
t,35,75,-
g,35,75,-
a,35,75,-
t,35,75,-
a,35,75,-
c,35,75,-
g,35,75,-
g,35,75,-
c,35,75,-
g,35,75,-
a,35,75,-
g,35,75,-
a,35,75,-
c,35,75,-
t,35,75,-
t,35,75,-
g,35,75,-
c,35,75,-
g,35,75,-
a,35,75,-
g,35,75,-
c,35,75,-
c,35,75,-
t,35,75,-
t,35,75,-
g,35,75,-
t,35,75,-
c,35,75,-
c,35,75,-
t,35,75,-
t,35,75,-
g,35,75,-
c,35,75,-
g,35,75,-
g,35,75,-
t,35,75,-
a,35,75,-
c,35,75,-
a,35,75,-
c,35,75,-
a,35,75,-
g,35,75,-
c,35,75,-
t,1218,76,-
t,1218,76,-
c,1218,76,-
g,1218,76,-
t,1218,76,-
c,1218,76,-
t,1218,76,-
c,1218,76,-
c,1218,76,-
g,1218,76,-
c,1218,76,-
g,1218,76,-
a,1218,76,-
c,1218,76,-
t,1218,76,-
a,1218,76,-
c,1218,76,-
g,1218,76,-
a,1218,76,-
t,1218,76,-
g,1218,76,-
a,1218,76,-
g,1218,76,-
a,1218,76,-
t,1218,76,-
g,1218,76,-
c,1218,76,-
c,1218,76,-
t,1218,76,-
g,1218,76,-
a,1218,76,-
g,1218,76,-
t,1218,76,-
g,1218,76,-
c,1218,76,-
t,1218,76,-
t,1218,76,-
c,1218,76,-
c,1218,76,-
g,1218,76,-
t,1218,76,-
t,1218,76,-
a,1218,76,-
c,1218,76,-
t,1218,76,-
g,1218,76,-
g,1218,76,-
a,1218,76,-
t,1218,76,-
t,1218,76,-
g,1218,76,-
t,1218,76,-
c,1218,76,-
a,1218,76,-
c,1218,76,-
c,1218,76,-
a,1218,76,-
c,668,77,-
a,668,77,-
t,668,77,-
g,668,77,-
t,668,77,-
c,668,77,-
a,668,77,-
g,668,77,-
c,668,77,-
c,668,77,-
t,668,77,-
c,668,77,-
g,668,77,-
a,668,77,-
c,668,77,-
a,668,77,-
a,668,77,-
c,668,77,-
t,668,77,-
t,668,77,-
g,668,77,-
c,668,77,-
a,668,77,-
t,668,77,-
a,668,77,-
a,668,77,-
a,668,77,-
t,668,77,-
g,668,77,-
c,668,77,-
t,668,77,-
t,668,77,-
t,668,77,-
c,668,77,-
t,668,77,-
t,668,77,-
g,668,77,-
t,668,77,-
a,668,77,-
g,668,77,-
a,668,77,-
c,668,77,-
g,668,77,-
t,668,77,-
g,668,77,-
c,668,77,-
c,668,77,-
c,668,77,-
t,668,77,-
a,668,77,-
c,668,77,-
g,668,77,-
c,668,77,-
g,668,77,-
c,668,77,-
t,668,77,-
t,668,77,-
a,413,78,-
g,413,78,-
g,413,78,-
a,413,78,-
g,413,78,-
g,413,78,-
a,413,78,-
a,413,78,-
c,413,78,-
t,413,78,-
a,413,78,-
c,413,78,-
g,413,78,-
c,413,78,-
a,413,78,-
a,413,78,-
g,413,78,-
g,413,78,-
t,413,78,-
t,413,78,-
g,413,78,-
g,413,78,-
a,413,78,-
a,413,78,-
c,413,78,-
a,413,78,-
t,413,78,-
c,413,78,-
g,413,78,-
g,413,78,-
a,413,78,-
g,413,78,-
a,413,78,-
g,413,78,-
a,413,78,-
t,413,78,-
g,413,78,-
c,413,78,-
c,413,78,-
a,413,78,-
g,413,78,-
c,413,78,-
c,413,78,-
a,413,78,-
g,413,78,-
c,413,78,-
g,413,78,-
c,413,78,-
a,413,78,-
c,413,78,-
c,413,78,-
t,413,78,-
g,413,78,-
c,413,78,-
a,413,78,-
c,413,78,-
g,413,78,-
t,991,79,-
c,991,79,-
t,991,79,-
c,991,79,-
a,991,79,-
a,991,79,-
c,991,79,-
a,991,79,-
a,991,79,-
g,991,79,-
a,991,79,-
t,991,79,-
t,991,79,-
a,991,79,-
a,991,79,-
c,991,79,-
c,991,79,-
g,991,79,-
a,991,79,-
c,991,79,-
a,991,79,-
g,991,79,-
a,991,79,-
t,991,79,-
t,991,79,-
c,991,79,-
a,991,79,-
a,991,79,-
t,991,79,-
c,991,79,-
t,991,79,-
c,991,79,-
g,991,79,-
t,991,79,-
g,991,79,-
g,991,79,-
a,991,79,-
t,991,79,-
g,991,79,-
g,991,79,-
a,991,79,-
c,991,79,-
g,991,79,-
t,991,79,-
t,991,79,-
c,991,79,-
a,991,79,-
a,991,79,-
c,991,79,-
a,991,79,-
t,991,79,-
t,991,79,-
g,991,79,-
a,991,79,-
g,991,79,-
g,991,79,-
a,991,79,-
t,751,80,-
g,751,80,-
a,751,80,-
a,751,80,-
g,751,80,-
t,751,80,-
g,751,80,-
c,751,80,-
t,751,80,-
t,751,80,-
a,751,80,-
g,751,80,-
c,751,80,-
t,751,80,-
t,751,80,-
c,751,80,-
a,751,80,-
a,751,80,-
g,751,80,-
g,751,80,-
t,751,80,-
c,751,80,-
a,751,80,-
c,751,80,-
g,751,80,-
g,751,80,-
a,751,80,-
t,751,80,-
a,751,80,-
c,751,80,-
g,751,80,-
a,751,80,-
c,751,80,-
c,751,80,-
g,751,80,-
a,751,80,-
a,751,80,-
g,751,80,-
c,751,80,-
g,751,80,-
a,751,80,-
g,751,80,-
c,751,80,-
c,751,80,-
t,751,80,-
c,751,80,-
g,751,80,-
t,751,80,-
c,751,80,-
c,751,80,-
t,751,80,-
c,751,80,-
a,751,80,-
a,751,80,-
t,751,80,-
g,751,80,-
g,751,80,-
c,850,81,-
t,850,81,-
a,850,81,-
t,850,81,-
a,850,81,-
t,850,81,-
g,850,81,-
c,850,81,-
g,850,81,-
c,850,81,-
t,850,81,-
c,850,81,-
a,850,81,-
t,850,81,-
a,850,81,-
c,850,81,-
g,850,81,-
a,850,81,-
t,850,81,-
a,850,81,-
t,850,81,-
g,850,81,-
a,850,81,-
a,850,81,-
c,850,81,-
g,850,81,-
t,850,81,-
t,850,81,-
g,850,81,-
a,850,81,-
g,850,81,-
a,850,81,-
c,850,81,-
t,850,81,-
g,850,81,-
c,850,81,-
c,850,81,-
g,850,81,-
c,850,81,-
t,850,81,-
g,850,81,-
a,850,81,-
g,850,81,-
t,850,81,-
t,850,81,-
a,850,81,-
t,850,81,-
c,850,81,-
a,850,81,-
g,850,81,-
c,850,81,-
t,850,81,-
g,850,81,-
t,850,81,-
g,850,81,-
a,850,81,-
a,850,81,-
g,93,82,-
c,93,82,-
g,93,82,-
g,93,82,-
c,93,82,-
a,93,82,-
g,93,82,-
c,93,82,-
a,93,82,-
c,93,82,-
g,93,82,-
t,93,82,-
t,93,82,-
t,93,82,-
c,93,82,-
c,93,82,-
a,93,82,-
c,93,82,-
g,93,82,-
c,93,82,-
g,93,82,-
g,93,82,-
t,93,82,-
g,93,82,-
a,93,82,-
g,93,82,-
a,93,82,-
g,93,82,-
c,93,82,-
c,93,82,-
t,93,82,-
c,93,82,-
a,93,82,-
g,93,82,-
g,93,82,-
a,93,82,-
t,93,82,-
t,93,82,-
c,93,82,-
a,93,82,-
t,93,82,-
g,93,82,-
t,93,82,-
c,93,82,-
g,93,82,-
a,93,82,-
t,93,82,-
g,93,82,-
t,93,82,-
c,93,82,-
t,93,82,-
t,93,82,-
c,93,82,-
c,93,82,-
g,93,82,-
g,93,82,-
t,93,82,-
a,1108,83,-
t,1108,83,-
c,1108,83,-
c,1108,83,-
c,1108,83,-
t,1108,83,-
a,1108,83,-
a,1108,83,-
t,1108,83,-
g,1108,83,-
t,1108,83,-
c,1108,83,-
t,1108,83,-
a,1108,83,-
c,1108,83,-
t,1108,83,-
t,1108,83,-
c,1108,83,-
c,1108,83,-
g,1108,83,-
g,1108,83,-
t,1108,83,-
c,1108,83,-
a,1108,83,-
a,1108,83,-
t,1108,83,-
c,1108,83,-
c,1108,83,-
a,1108,83,-
t,1108,83,-
c,1108,83,-
t,1108,83,-
a,1108,83,-
c,1108,83,-
g,1108,83,-
t,1108,83,-
t,1108,83,-
a,1108,83,-
a,1108,83,-
c,1108,83,-
c,1108,83,-
g,1108,83,-
a,1108,83,-
g,1108,83,-
g,1108,83,-
t,1108,83,-
g,1108,83,-
g,1108,83,-
c,1108,83,-
t,1108,83,-
a,1108,83,-
t,1108,83,-
g,1108,83,-
t,1108,83,-
g,1108,83,-
t,1108,83,-
a,1108,83,-
t,1320,87,-
a,1320,87,-
g,1320,87,-
a,1320,87,-
g,1320,87,-
g,1320,87,-
g,1320,87,-
t,1320,87,-
g,1320,87,-
t,1320,87,-
a,1320,87,-
c,1320,87,-
t,1320,87,-
c,1320,87,-
c,1320,87,-
a,1320,87,-
a,1320,87,-
g,1320,87,-
a,1320,87,-
a,1320,87,-
g,1320,87,-
a,1320,87,-
g,1320,87,-
g,1320,87,-
a,1320,87,-
a,1320,87,-
g,1320,87,-
a,1320,87,-
t,1320,87,-
g,1320,87,-
a,1320,87,-
g,1320,87,-
g,1320,87,-
c,1320,87,-
t,1320,87,-
a,1320,87,-
g,1320,87,-
a,1320,87,-
c,1320,87,-
g,1320,87,-
t,1320,87,-
c,1320,87,-
t,1320,87,-
c,1320,87,-
t,1320,87,-
g,1320,87,-
c,1320,87,-
a,1320,87,-
t,1320,87,-
g,1320,87,-
g,1320,87,-
a,1320,87,-
g,1320,87,-
t,1320,87,-
a,1320,87,-
t,1320,87,-
g,1320,87,-
t,217,89,-
t,217,89,-
a,217,89,-
c,217,89,-
g,217,89,-
t,217,89,-
t,217,89,-
g,217,89,-
g,217,89,-
c,217,89,-
g,217,89,-
a,217,89,-
c,217,89,-
c,217,89,-
g,217,89,-
c,217,89,-
t,217,89,-
a,217,89,-
g,217,89,-
g,217,89,-
a,217,89,-
c,217,89,-
t,217,89,-
t,217,89,-
t,217,89,-
c,217,89,-
t,217,89,-
t,217,89,-
g,217,89,-
t,217,89,-
t,217,89,-
g,217,89,-
a,217,89,-
t,217,89,-
t,217,89,-
t,217,89,-
t,217,89,-
c,217,89,-
c,217,89,-
a,217,89,-
t,217,89,-
g,217,89,-
c,217,89,-
g,217,89,-
g,217,89,-
t,217,89,-
g,217,89,-
t,217,89,-
t,217,89,-
t,217,89,-
t,217,89,-
g,217,89,-
c,217,89,-
g,217,89,-
c,217,89,-
a,217,89,-
a,217,89,-
a,957,90,-
c,957,90,-
g,957,90,-
c,957,90,-
t,957,90,-
a,957,90,-
a,957,90,-
c,957,90,-
g,957,90,-
c,957,90,-
a,957,90,-
g,957,90,-
a,957,90,-
t,957,90,-
g,957,90,-
c,957,90,-
a,957,90,-
g,957,90,-
c,957,90,-
g,957,90,-
a,957,90,-
a,957,90,-
c,957,90,-
g,957,90,-
c,957,90,-
t,957,90,-
c,957,90,-
g,957,90,-
g,957,90,-
c,957,90,-
g,957,90,-
t,957,90,-
a,957,90,-
t,957,90,-
t,957,90,-
c,957,90,-
t,957,90,-
c,957,90,-
a,957,90,-
a,957,90,-
c,957,90,-
a,957,90,-
a,957,90,-
g,957,90,-
a,957,90,-
t,957,90,-
t,957,90,-
a,957,90,-
a,957,90,-
c,957,90,-
c,957,90,-
g,957,90,-
a,957,90,-
c,957,90,-
a,957,90,-
g,957,90,-
a,957,90,-
g,260,91,-
g,260,91,-
t,260,91,-
g,260,91,-
t,260,91,-
t,260,91,-
t,260,91,-
t,260,91,-
g,260,91,-
c,260,91,-
g,260,91,-
c,260,91,-
a,260,91,-
a,260,91,-
t,260,91,-
g,260,91,-
t,260,91,-
t,260,91,-
a,260,91,-
a,260,91,-
t,260,91,-
c,260,91,-
g,260,91,-
c,260,91,-
t,260,91,-
t,260,91,-
t,260,91,-
g,260,91,-
t,260,91,-
a,260,91,-
c,260,91,-
a,260,91,-
c,260,91,-
c,260,91,-
t,260,91,-
c,260,91,-
a,260,91,-
g,260,91,-
g,260,91,-
c,260,91,-
a,260,91,-
t,260,91,-
g,260,91,-
t,260,91,-
a,260,91,-
a,260,91,-
a,260,91,-
c,260,91,-
g,260,91,-
t,260,91,-
c,260,91,-
t,260,91,-
t,260,91,-
c,260,91,-
g,260,91,-
t,260,91,-
a,260,91,-
a,557,92,-
a,557,92,-
c,557,92,-
c,557,92,-
a,557,92,-
t,557,92,-
t,557,92,-
c,557,92,-
c,557,92,-
g,557,92,-
g,557,92,-
t,557,92,-
t,557,92,-
g,557,92,-
a,557,92,-
c,557,92,-
t,557,92,-
c,557,92,-
a,557,92,-
a,557,92,-
t,557,92,-
g,557,92,-
a,557,92,-
g,557,92,-
c,557,92,-
a,557,92,-
t,557,92,-
c,557,92,-
t,557,92,-
c,557,92,-
g,557,92,-
a,557,92,-
t,557,92,-
g,557,92,-
c,557,92,-
a,557,92,-
g,557,92,-
c,557,92,-
g,557,92,-
t,557,92,-
a,557,92,-
c,557,92,-
t,557,92,-
c,557,92,-
c,557,92,-
t,557,92,-
a,557,92,-
c,557,92,-
a,557,92,-
t,557,92,-
g,557,92,-
a,557,92,-
a,557,92,-
t,557,92,-
a,557,92,-
g,557,92,-
a,557,92,-
t,244,94,-
g,244,94,-
t,244,94,-
t,244,94,-
g,244,94,-
a,244,94,-
t,244,94,-
t,244,94,-
t,244,94,-
t,244,94,-
c,244,94,-
c,244,94,-
a,244,94,-
t,244,94,-
g,244,94,-
c,244,94,-
g,244,94,-
g,244,94,-
t,244,94,-
g,244,94,-
t,244,94,-
t,244,94,-
t,244,94,-
t,244,94,-
g,244,94,-
c,244,94,-
g,244,94,-
c,244,94,-
a,244,94,-
a,244,94,-
t,244,94,-
g,244,94,-
t,244,94,-
t,244,94,-
a,244,94,-
a,244,94,-
t,244,94,-
c,244,94,-
g,244,94,-
c,244,94,-
t,244,94,-
t,244,94,-
t,244,94,-
g,244,94,-
t,244,94,-
a,244,94,-
c,244,94,-
a,244,94,-
c,244,94,-
c,244,94,-
t,244,94,-
c,244,94,-
a,244,94,-
g,244,94,-
g,244,94,-
c,244,94,-
a,244,94,-
t,464,95,-
g,464,95,-
c,464,95,-
a,464,95,-
c,464,95,-
g,464,95,-
g,464,95,-
g,464,95,-
t,464,95,-
t,464,95,-
g,464,95,-
c,464,95,-
g,464,95,-
a,464,95,-
t,464,95,-
a,464,95,-
g,464,95,-
c,464,95,-
c,464,95,-
t,464,95,-
c,464,95,-
a,464,95,-
g,464,95,-
c,464,95,-
g,464,95,-
t,464,95,-
a,464,95,-
t,464,95,-
t,464,95,-
c,464,95,-
a,464,95,-
g,464,95,-
g,464,95,-
t,464,95,-
g,464,95,-
c,464,95,-
g,464,95,-
a,464,95,-
g,464,95,-
t,464,95,-
t,464,95,-
c,464,95,-
g,464,95,-
a,464,95,-
t,464,95,-
a,464,95,-
g,464,95,-
t,464,95,-
c,464,95,-
t,464,95,-
c,464,95,-
a,464,95,-
g,464,95,-
a,464,95,-
g,464,95,-
t,464,95,-
c,464,95,-
a,296,96,-
g,296,96,-
g,296,96,-
c,296,96,-
a,296,96,-
t,296,96,-
g,296,96,-
t,296,96,-
a,296,96,-
a,296,96,-
a,296,96,-
c,296,96,-
g,296,96,-
t,296,96,-
c,296,96,-
t,296,96,-
t,296,96,-
c,296,96,-
g,296,96,-
t,296,96,-
a,296,96,-
g,296,96,-
c,296,96,-
g,296,96,-
c,296,96,-
a,296,96,-
t,296,96,-
c,296,96,-
a,296,96,-
g,296,96,-
t,296,96,-
g,296,96,-
c,296,96,-
t,296,96,-
t,296,96,-
t,296,96,-
c,296,96,-
t,296,96,-
t,296,96,-
a,296,96,-
c,296,96,-
t,296,96,-
g,296,96,-
t,296,96,-
g,296,96,-
a,296,96,-
g,296,96,-
t,296,96,-
a,296,96,-
c,296,96,-
g,296,96,-
c,296,96,-
a,296,96,-
c,296,96,-
c,296,96,-
a,296,96,-
g,296,96,-
c,648,97,-
c,648,97,-
g,648,97,-
a,648,97,-
g,648,97,-
t,648,97,-
a,648,97,-
g,648,97,-
a,648,97,-
c,648,97,-
c,648,97,-
c,648,97,-
t,648,97,-
t,648,97,-
a,648,97,-
g,648,97,-
a,648,97,-
g,648,97,-
a,648,97,-
g,648,97,-
c,648,97,-
a,648,97,-
t,648,97,-
g,648,97,-
t,648,97,-
c,648,97,-
a,648,97,-
g,648,97,-
c,648,97,-
c,648,97,-
t,648,97,-
c,648,97,-
g,648,97,-
a,648,97,-
c,648,97,-
a,648,97,-
a,648,97,-
c,648,97,-
t,648,97,-
t,648,97,-
g,648,97,-
c,648,97,-
a,648,97,-
t,648,97,-
a,648,97,-
a,648,97,-
a,648,97,-
t,648,97,-
g,648,97,-
c,648,97,-
t,648,97,-
t,648,97,-
t,648,97,-
c,648,97,-
t,648,97,-
t,648,97,-
g,648,97,-
c,230,98,-
g,230,98,-
c,230,98,-
t,230,98,-
a,230,98,-
g,230,98,-
g,230,98,-
a,230,98,-
c,230,98,-
t,230,98,-
t,230,98,-
t,230,98,-
c,230,98,-
t,230,98,-
t,230,98,-
g,230,98,-
t,230,98,-
t,230,98,-
g,230,98,-
a,230,98,-
t,230,98,-
t,230,98,-
t,230,98,-
t,230,98,-
c,230,98,-
c,230,98,-
a,230,98,-
t,230,98,-
g,230,98,-
c,230,98,-
g,230,98,-
g,230,98,-
t,230,98,-
g,230,98,-
t,230,98,-
t,230,98,-
t,230,98,-
t,230,98,-
g,230,98,-
c,230,98,-
g,230,98,-
c,230,98,-
a,230,98,-
a,230,98,-
t,230,98,-
g,230,98,-
t,230,98,-
t,230,98,-
a,230,98,-
a,230,98,-
t,230,98,-
c,230,98,-
g,230,98,-
c,230,98,-
t,230,98,-
t,230,98,-
t,230,98,-
g,663,101,-
a,663,101,-
g,663,101,-
a,663,101,-
g,663,101,-
c,663,101,-
a,663,101,-
t,663,101,-
g,663,101,-
t,663,101,-
c,663,101,-
a,663,101,-
g,663,101,-
c,663,101,-
c,663,101,-
t,663,101,-
c,663,101,-
g,663,101,-
a,663,101,-
c,663,101,-
a,663,101,-
a,663,101,-
c,663,101,-
t,663,101,-
t,663,101,-
g,663,101,-
c,663,101,-
a,663,101,-
t,663,101,-
a,663,101,-
a,663,101,-
a,663,101,-
t,663,101,-
g,663,101,-
c,663,101,-
t,663,101,-
t,663,101,-
t,663,101,-
c,663,101,-
t,663,101,-
t,663,101,-
g,663,101,-
t,663,101,-
a,663,101,-
g,663,101,-
a,663,101,-
c,663,101,-
g,663,101,-
t,663,101,-
g,663,101,-
c,663,101,-
c,663,101,-
c,663,101,-
t,663,101,-
a,663,101,-
c,663,101,-
g,663,101,-
c,799,102,-
c,799,102,-
t,799,102,-
c,799,102,-
a,799,102,-
a,799,102,-
t,799,102,-
g,799,102,-
g,799,102,-
c,799,102,-
c,799,102,-
t,799,102,-
c,799,102,-
t,799,102,-
a,799,102,-
a,799,102,-
a,799,102,-
c,799,102,-
g,799,102,-
g,799,102,-
g,799,102,-
t,799,102,-
c,799,102,-
t,799,102,-
t,799,102,-
g,799,102,-
a,799,102,-
g,799,102,-
g,799,102,-
g,799,102,-
g,799,102,-
t,799,102,-
t,799,102,-
t,799,102,-
t,799,102,-
t,799,102,-
t,799,102,-
g,799,102,-
c,799,102,-
t,799,102,-
g,799,102,-
a,799,102,-
a,799,102,-
a,799,102,-
g,799,102,-
g,799,102,-
a,799,102,-
g,799,102,-
g,799,102,-
a,799,102,-
a,799,102,-
c,799,102,-
t,799,102,-
a,799,102,-
t,799,102,-
a,799,102,-
t,799,102,-
g,987,103,-
t,987,103,-
a,987,103,-
t,987,103,-
t,987,103,-
c,987,103,-
t,987,103,-
c,987,103,-
a,987,103,-
a,987,103,-
c,987,103,-
a,987,103,-
a,987,103,-
g,987,103,-
a,987,103,-
t,987,103,-
t,987,103,-
a,987,103,-
a,987,103,-
c,987,103,-
c,987,103,-
g,987,103,-
a,987,103,-
c,987,103,-
a,987,103,-
g,987,103,-
a,987,103,-
t,987,103,-
t,987,103,-
c,987,103,-
a,987,103,-
a,987,103,-
t,987,103,-
c,987,103,-
t,987,103,-
c,987,103,-
g,987,103,-
t,987,103,-
g,987,103,-
g,987,103,-
a,987,103,-
t,987,103,-
g,987,103,-
g,987,103,-
a,987,103,-
c,987,103,-
g,987,103,-
t,987,103,-
t,987,103,-
c,987,103,-
a,987,103,-
a,987,103,-
c,987,103,-
a,987,103,-
t,987,103,-
t,987,103,-
g,987,103,-
c,1226,104,-
g,1226,104,-
c,1226,104,-
g,1226,104,-
a,1226,104,-
c,1226,104,-
t,1226,104,-
a,1226,104,-
c,1226,104,-
g,1226,104,-
a,1226,104,-
t,1226,104,-
g,1226,104,-
a,1226,104,-
g,1226,104,-
a,1226,104,-
t,1226,104,-
g,1226,104,-
c,1226,104,-
c,1226,104,-
t,1226,104,-
g,1226,104,-
a,1226,104,-
g,1226,104,-
t,1226,104,-
g,1226,104,-
c,1226,104,-
t,1226,104,-
t,1226,104,-
c,1226,104,-
c,1226,104,-
g,1226,104,-
t,1226,104,-
t,1226,104,-
a,1226,104,-
c,1226,104,-
t,1226,104,-
g,1226,104,-
g,1226,104,-
a,1226,104,-
t,1226,104,-
t,1226,104,-
g,1226,104,-
t,1226,104,-
c,1226,104,-
a,1226,104,-
c,1226,104,-
c,1226,104,-
a,1226,104,-
a,1226,104,-
g,1226,104,-
g,1226,104,-
c,1226,104,-
t,1226,104,-
t,1226,104,-
c,1226,104,-
c,1226,104,-
t,1442,106,-
a,1442,106,-
a,1442,106,-
c,1442,106,-
a,1442,106,-
t,1442,106,-
t,1442,106,-
a,1442,106,-
a,1442,106,-
t,1442,106,-
a,1442,106,-
a,1442,106,-
a,1442,106,-
t,1442,106,-
a,1442,106,-
a,1442,106,-
g,1442,106,-
g,1442,106,-
a,1442,106,-
g,1442,106,-
g,1442,106,-
c,1442,106,-
t,1442,106,-
c,1442,106,-
t,1442,106,-
a,1442,106,-
a,1442,106,-
t,1442,106,-
g,1442,106,-
g,1442,106,-
c,1442,106,-
a,1442,106,-
c,1442,106,-
t,1442,106,-
c,1442,106,-
a,1442,106,-
t,1442,106,-
t,1442,106,-
a,1442,106,-
g,1442,106,-
c,1442,106,-
c,1442,106,-
a,1442,106,-
a,1442,106,-
t,1442,106,-
c,1442,106,-
a,1442,106,-
a,1442,106,-
t,1442,106,-
c,1442,106,-
a,1442,106,-
a,1442,106,-
g,1442,106,-
a,1442,106,-
a,1442,106,-
c,1442,106,-
t,1442,106,-
